[{"address":"8206 S Cottage Grove Ave","category_ids":[23],"category_labels":[["Community and Government","Day Care and Preschools"]],"country":"us","factual_id":"477edf74-4323-4f1c-a218-4e213ca12718","hours":{"wednesday":[["6:00","18:00"]],"thursday":[["6:00","18:00"]],"monday":[["6:00","18:00"]],"tuesday":[["6:00","18:00"]],"friday":[["6:00","18:00"]]},"hours_display":"Mon-Fri 6:00 AM-6:00 PM","latitude":41.745465,"locality":"Chicago","longitude":-87.605281,"name":"Progressive Pre-School","neighborhood":["Chatham"],"postcode":"60619","region":"IL","tel":"(773) 651-9700","$distance":8934.895},{"address":"10126 S Western Ave","category_ids":[23],"category_labels":[["Community and Government","Day Care and Preschools"]],"country":"us","email":"yourname@yourdomain.com","factual_id":"8addc042-7157-45b8-b514-169432c44b62","hours":{"wednesday":[["6:00","18:00"]],"thursday":[["6:00","18:00"]],"monday":[["6:00","18:00"]],"tuesday":[["6:00","18:00"]],"friday":[["6:00","18:00"]]},"hours_display":"Mon-Fri 6:00 AM-6:00 PM","latitude":41.709355,"locality":"Chicago","longitude":-87.681996,"name":"Little Hands Learning Center Academy","neighborhood":["Far Southwest Side","Beverly"],"postcode":"60643","region":"IL","tel":"(773) 445-1900","website":"http://littlehandspreschool.com","$distance":11458.49},{"address":"221 E 51st St","category_ids":[23],"category_labels":[["Community and Government","Day Care and Preschools"]],"country":"us","factual_id":"2c7fdf95-c9e9-4f14-83d7-042b18338feb","hours":{"wednesday":[["6:00","18:00"]],"thursday":[["6:00","18:00"]],"monday":[["6:00","18:00"]],"tuesday":[["6:00","18:00"]],"friday":[["6:00","18:00"]]},"hours_display":"Mon-Fri 6:00 AM-6:00 PM","latitude":41.801985,"locality":"Chicago","longitude":-87.620203,"name":"Precious Little One's Learning Center","neighborhood":["Washington Park Court","South Side"],"postcode":"60615","region":"IL","tel":"(773) 285-9902","$distance":3965.589},{"address":"4014 W Chicago Ave","category_ids":[23],"category_labels":[["Community and Government","Day Care and Preschools"]],"country":"us","factual_id":"ae90d8f5-1aa7-414f-86cc-2dbc7aa00e41","hours":{"wednesday":[["6:00","18:00"]],"thursday":[["6:00","18:00"]],"monday":[["6:00","18:00"]],"tuesday":[["6:00","18:00"]],"friday":[["6:00","18:00"]]},"hours_display":"Mon-Fri 6:00 AM-6:00 PM","latitude":41.895524,"locality":"Chicago","longitude":-87.726761,"name":"All Things Are Possible For Kids","neighborhood":["West and Near West Side"],"postcode":"60651","region":"IL","tel":"(773) 489-2460","$distance":10580.747},{"address":"5752 S Pulaski Rd","category_ids":[23],"category_labels":[["Community and Government","Day Care and Preschools"]],"country":"us","factual_id":"0d1b4780-a35a-4c31-baa7-a92e50316d0e","hours":{"wednesday":[["6:00","18:00"]],"thursday":[["6:00","18:00"]],"monday":[["6:00","18:00"]],"tuesday":[["6:00","18:00"]],"friday":[["6:00","18:00"]]},"hours_display":"Mon-Fri 6:00 AM-6:00 PM","latitude":41.788004,"locality":"Chicago","longitude":-87.723186,"name":"Little Scholars Club","neighborhood":["South West Side","West Elsdon"],"postcode":"60629","region":"IL","tel":"(773) 582-7529","$distance":5408.6035},{"address":"6411 S Pulaski Rd","category_ids":[23],"category_labels":[["Community and Government","Day Care and Preschools"]],"country":"us","email":"teddybear3@teddybeardaycare.com","factual_id":"5d4e3d04-2cae-4dde-8360-6cc402ea6ce8","hours":{"wednesday":[["6:30","18:00"]],"thursday":[["6:30","18:00"]],"monday":[["6:30","18:00"]],"tuesday":[["6:30","18:00"]],"friday":[["6:30","18:00"]]},"hours_display":"Mon-Fri 6:30 AM-6:00 PM","latitude":41.77644,"locality":"Chicago","longitude":-87.722422,"name":"Little Bear Day Care","neighborhood":["South West Side","West Lawn"],"postcode":"60629","region":"IL","tel":"(773) 581-1110","$distance":6091.0645},{"address":"450 W Menomonee St","category_ids":[23],"category_labels":[["Community and Government","Day Care and Preschools"]],"country":"us","email":"chalkboardpreschool@gmail.com","factual_id":"2b74b56c-13c3-484a-a19c-17480f1812c9","fax":"(773) 385-9469","hours":{"wednesday":[["9:00","16:00"]],"thursday":[["9:00","16:00"]],"monday":[["9:00","16:00"]],"tuesday":[["9:00","16:00"]],"friday":[["9:00","16:00"]]},"hours_display":"Mon-Fri 9:00 AM-4:00 PM","latitude":41.914748,"locality":"Chicago","longitude":-87.640686,"name":"Chalkboard","neighborhood":["Belgravia Terrace","Oldtown","North Side"],"postcode":"60614","region":"IL","tel":"(312) 266-2573","website":"http://www.chalkboardpreschool.com/","$distance":11648.725},{"address":"1127 W Armitage Ave","category_ids":[23],"category_labels":[["Community and Government","Day Care and Preschools"]],"country":"us","email":"chicagoil@goddardschools.com","factual_id":"42013926-337d-4c14-9150-afd9d03247df","fax":"(773) 525-3880","hours":{"wednesday":[["6:30","18:30"]],"thursday":[["6:30","18:30"]],"monday":[["6:30","18:30"]],"tuesday":[["6:30","18:30"]],"friday":[["6:30","18:30"]]},"hours_display":"Mon-Fri 6:30 AM-6:30 PM","latitude":41.917851,"locality":"Chicago","longitude":-87.65646,"name":"The Goddard School","neighborhood":["North Side","Depaul"],"postcode":"60614","region":"IL","tel":"(773) 868-3011","website":"http://www.goddardschool.com/Chicago-Lincoln-ParkIL","$distance":11827.819},{"address":"6640 W Archer Ave","address_extended":"Ste 5","category_ids":[23],"category_labels":[["Community and Government","Day Care and Preschools"]],"country":"us","factual_id":"aa4bd310-0c41-4ab1-add6-67c275d1024c","hours":{"wednesday":[["16:00","19:00"]],"thursday":[["16:00","19:00"]],"monday":[["16:00","19:00"]],"saturday":[["12:00","17:00"]],"friday":[["16:00","19:00"]]},"hours_display":"Mon 4:00 PM-7:00 PM; Wed-Fri 4:00 PM-7:00 PM; Sat 12:00 PM-5:00 PM","latitude":41.792424,"locality":"Chicago","longitude":-87.788227,"name":"Made by Me","postcode":"60638","region":"IL","tel":"(773) 586-4242","$distance":10337.994},{"address":"1951 W 19th St","category_ids":[23],"category_labels":[["Community and Government","Day Care and Preschools"]],"country":"us","factual_id":"042d4e28-05a2-4673-924b-b7a5d4d23c4e","hours":{"wednesday":[["19:00","20:00"]],"thursday":[["19:00","20:00"]],"monday":[["7:00","20:00"]],"tuesday":[["7:00","20:00"]],"friday":[["19:00","20:00"]]},"hours_display":"Mon-Tue 7:00 AM-8:00 PM; Wed-Fri 7:00 PM-8:00 PM","latitude":41.855732,"locality":"Chicago","longitude":-87.675124,"name":"Guadalupe Reyes Child Family","neighborhood":["Tri-taylor","Pilsen","Lower West Side"],"postcode":"60608","region":"IL","tel":"(312) 997-2021","website":"http://www.elvalor.net","$distance":4948.018},{"address":"1234 S Michigan Ave","address_extended":"Ste 5","category_ids":[23],"category_labels":[["Community and Government","Day Care and Preschools"]],"country":"us","email":"gtacamps@aol.com","factual_id":"bfd96e22-3da7-4c21-9c57-4a91d04016b4","hours":{"wednesday":[["6:00","18:00"]],"thursday":[["6:00","18:00"]],"monday":[["6:00","18:00"]],"tuesday":[["6:00","18:00"]],"friday":[["6:00","18:00"]]},"hours_display":"Mon-Fri 6:00 AM-6:00 PM","latitude":41.866737,"locality":"Chicago","longitude":-87.624368,"name":"Game Time Athletics","neighborhood":["Burnham Place","South Loop","Film Row"],"postcode":"60605","region":"IL","tel":"(312) 662-1234","$distance":7031.1187},{"address":"1000 S Western Ave","category_ids":[23],"category_labels":[["Community and Government","Day Care and Preschools"]],"country":"us","factual_id":"1d8b5950-e059-4f04-b229-ee2b440b6bcf","hours":{"wednesday":[["6:00","18:00"]],"thursday":[["6:00","18:00"]],"monday":[["6:00","18:00"]],"tuesday":[["6:00","18:00"]],"friday":[["6:00","18:00"]]},"hours_display":"Mon-Fri 6:00 AM-6:00 PM","latitude":41.869265,"locality":"Chicago","longitude":-87.686343,"name":"Solid Foundation Learning Center","neighborhood":["Claremont Cottages","West and Near West Side","Tri-taylor"],"postcode":"60612","region":"IL","tel":"(312) 829-2893","$distance":6611.0796},{"address":"211 W 79th St","category_ids":[23],"category_labels":[["Community and Government","Day Care and Preschools"]],"country":"us","factual_id":"8ab6bf0e-7c03-4e66-bb92-8515848ee2bf","latitude":41.750707,"locality":"Chicago","longitude":-87.630106,"name":"Raekwon's Scholastic Daycare Academy","postcode":"60620","region":"IL","tel":"(773) 874-4000","$distance":7417.064},{"address":"1854 S Racine Ave","category_ids":[23],"category_labels":[["Community and Government","Day Care and Preschools"]],"country":"us","email":"jordanlockett@sbcglobal.net","factual_id":"c2cea864-3686-4661-920f-45db08ee3b9f","hours":{"wednesday":[["6:00","18:00"]],"thursday":[["6:00","18:00"]],"monday":[["6:00","18:00"]],"tuesday":[["6:00","18:00"]],"friday":[["6:00","18:00"]]},"hours_display":"Mon-Fri 6:00 AM-6:00 PM","latitude":41.856374,"locality":"Chicago","longitude":-87.6566,"name":"LiL' Einstein's Institute for Scholars","neighborhood":["West and Near West Side","Pilsen"],"postcode":"60608","region":"IL","tel":"(312) 226-2228","website":"http://www.instituteforscholars.info/","$distance":5027.859},{"address":"8115 S Harper Ave","category_ids":[23],"category_labels":[["Community and Government","Day Care and Preschools"]],"country":"us","email":"littlelullabyland@sbcglobal.net","factual_id":"02b106cf-a310-4e70-b5cc-09cdd438246b","hours":{"wednesday":[["6:00","23:59"]],"thursday":[["6:00","23:59"]],"monday":[["6:00","23:59"]],"tuesday":[["6:00","23:59"]],"friday":[["6:00","23:59"]]},"hours_display":"Mon-Fri 6:00 AM-11:59 PM","latitude":41.747405,"locality":"Chicago","longitude":-87.58688,"name":"Little Peoples Lullaby Land","postcode":"60619","region":"IL","tel":"(773) 768-0207","$distance":9718.482},{"address":"446 E Ontario St","address_extended":"Ste 150","category_ids":[23],"category_labels":[["Community and Government","Day Care and Preschools"]],"country":"us","email":"ambrooks@cclc.com","factual_id":"1e97bb40-82cd-4720-9d60-35880d02138d","fax":"(312) 867-7058","hours":{"wednesday":[["6:30","18:30"]],"thursday":[["6:30","18:30"]],"monday":[["6:30","18:30"]],"tuesday":[["6:30","18:30"]],"friday":[["6:30","18:30"]]},"hours_display":"Mon-Fri 6:30 AM-6:30 PM","latitude":41.893628,"locality":"Chicago","longitude":-87.616343,"name":"University Children's Center","neighborhood":["Gold Coast","Near North Side","Cityfront Place"],"postcode":"60611","region":"IL","tel":"(312) 867-7056","website":"http://www.cclc.com/our-centers/chicago/il/301811/?cid=loc_yext_listings_301811","$distance":10000.083},{"address":"4217 W 16th St","category_ids":[23],"category_labels":[["Community and Government","Day Care and Preschools"]],"country":"us","factual_id":"3434cb91-8e9b-40d9-956b-f9a77650f60e","hours":{"wednesday":[["6:00","18:00"]],"thursday":[["6:00","18:00"]],"monday":[["6:00","18:00"]],"tuesday":[["6:00","18:00"]],"friday":[["6:00","18:00"]]},"hours_display":"Mon-Fri 6:00 AM-6:00 PM","latitude":41.858555,"locality":"Chicago","longitude":-87.730462,"name":"Les Finchs Learning Tree","neighborhood":["West and Near West Side","Lawndale"],"postcode":"60623","region":"IL","tel":"(773) 521-5434","$distance":7445.1733},{"address":"2141 W 79th St","category_ids":[23],"category_labels":[["Community and Government","Day Care and Preschools"]],"country":"us","email":"begdepot@yahoo.com","factual_id":"b9516265-137a-45ed-872c-0d32eecf64ce","hours":{"wednesday":[["6:00","18:00"]],"thursday":[["6:00","18:00"]],"monday":[["6:00","18:00"]],"tuesday":[["6:00","18:00"]],"friday":[["6:00","18:00"]]},"hours_display":"Mon-Fri 6:00 AM-6:00 PM","latitude":41.749784,"locality":"Chicago","longitude":-87.677269,"name":"Beginners Depot Child And Family Development Center","postcode":"60620","region":"IL","tel":"(773) 783-9270","$distance":6948.675},{"address":"1 N Dearborn St","category_ids":[23],"category_labels":[["Community and Government","Day Care and Preschools"]],"country":"us","email":"pinkneya@metrofamily.org","factual_id":"284e994a-2ace-4557-af86-be3c5af11b4b","fax":"(312) 986-4289","hours":{"wednesday":[["8:30","17:00"]],"thursday":[["8:30","17:00"]],"monday":[["8:30","17:00"]],"tuesday":[["8:30","17:00"]],"friday":[["8:30","17:00"]]},"hours_display":"Mon-Fri 8:30 AM-5:00 PM","latitude":41.882292,"locality":"Chicago","longitude":-87.629148,"name":"Metropolitan Family Services","neighborhood":["Fort Dearborn Addition","Loop","New Eastside"],"postcode":"60602","region":"IL","tel":"(312) 986-4000","website":"http://www.metrofamily.org","$distance":8425.863},{"address":"3053 S Normal Ave","category_ids":[23],"category_labels":[["Community and Government","Day Care and Preschools"]],"country":"us","factual_id":"d4bcd732-a449-4415-b0a4-76e6fcdf4c22","hours":{"wednesday":[["6:00","18:00"]],"thursday":[["6:00","18:00"]],"monday":[["6:00","18:00"]],"tuesday":[["6:00","18:00"]],"friday":[["6:00","18:00"]]},"hours_display":"Mon-Fri 6:00 AM-6:00 PM","latitude":41.838618,"locality":"Chicago","longitude":-87.638782,"name":"One Hope United","neighborhood":["South Side","Bridgeport","Chinatown"],"postcode":"60616","region":"IL","tel":"(312) 842-5566","website":"http://www.onehopechilddevelopment.org/","$distance":3756.4036},{"address":"441 E 79th St","category_ids":[23],"category_labels":[["Community and Government","Day Care and Preschools"]],"country":"us","factual_id":"b0d22c1f-a909-4725-a13d-e4216712e41f","hours":{"wednesday":[["6:00","18:00"]],"thursday":[["6:00","18:00"]],"monday":[["6:00","18:00"]],"tuesday":[["6:00","18:00"]],"friday":[["6:00","18:00"]]},"hours_display":"Mon-Fri 6:00 AM-6:00 PM","latitude":41.75105,"locality":"Chicago","longitude":-87.61334,"name":"4 Ever Young Daycare","postcode":"60619","region":"IL","tel":"(773) 966-6872","$distance":8047.1543},{"address":"2230 S Federal St","category_ids":[23],"category_labels":[["Community and Government","Day Care and Preschools"]],"country":"us","factual_id":"7e4509c0-1e18-012f-0643-0030487f54d8","latitude":41.851971,"locality":"Chicago","longitude":-87.629379,"name":"Easter Seals Near Southside Early Headstart","neighborhood":["Armour Square","South Side","Chinatown"],"postcode":"60616","region":"IL","tel":"(773) 548-3614","website":"http://easterseals.com","$distance":5416.867},{"address":"8940 S Cottage Grove Ave","category_ids":[23],"category_labels":[["Community and Government","Day Care and Preschools"]],"country":"us","factual_id":"fcb9ed3d-d68f-4656-a242-37e01dfaefdb","hours":{"wednesday":[["6:00","18:00"]],"thursday":[["6:00","18:00"]],"monday":[["6:00","18:00"]],"tuesday":[["6:00","18:00"]],"friday":[["6:00","18:00"]]},"hours_display":"Mon-Fri 6:00 AM-6:00 PM","latitude":41.73182,"locality":"Chicago","longitude":-87.604866,"name":"New Age Preparatory Academy","postcode":"60619","region":"IL","tel":"(773) 783-2431","$distance":10239.543},{"address":"229 S Peoria St","category_ids":[23],"category_labels":[["Community and Government","Day Care and Preschools"]],"country":"us","email":"online@kidzacademy.com","factual_id":"29f7feb1-bc5d-49da-911e-7ee1864d498f","hours":{"wednesday":[["6:30","18:30"]],"thursday":[["6:30","18:30"]],"monday":[["6:30","18:30"]],"tuesday":[["6:30","18:30"]],"friday":[["6:30","18:30"]]},"hours_display":"Mon-Fri 6:30 AM-6:30 PM","latitude":41.878464,"locality":"Chicago","longitude":-87.649461,"name":"American Kidz Academy","neighborhood":["West Loop","Near West Side","West and Near West Side"],"postcode":"60607","region":"IL","tel":"(312) 733-7580","website":"http://www.kidzacademy.com/locations/west-loop-chicago/2","$distance":7549.338},{"address":"1932 N Clark St","category_ids":[23],"category_labels":[["Community and Government","Day Care and Preschools"]],"country":"us","email":"office@kidzacademy.com","factual_id":"330a2586-632d-4352-af7a-3e7cfbf191e8","hours":{"wednesday":[["6:30","18:30"]],"thursday":[["6:30","18:30"]],"monday":[["6:30","18:30"]],"tuesday":[["6:30","18:30"]],"friday":[["6:30","18:30"]]},"hours_display":"Mon-Fri 6:30 AM-6:30 PM","latitude":41.917423,"locality":"Chicago","longitude":-87.635634,"name":"American Kidz Academy","neighborhood":["Lincoln Park","Belgravia Terrace","North Side"],"postcode":"60614","region":"IL","tel":"(312) 951-1024","website":"http://www.kidzacademy.com","$distance":12022.492},{"address":"2001 S Wabash Ave","category_ids":[23],"category_labels":[["Community and Government","Day Care and Preschools"]],"country":"us","factual_id":"65cd94e0-61f8-4880-955c-e8ff2b5158e6","hours":{"wednesday":[["7:30","17:30"]],"thursday":[["7:30","17:30"]],"monday":[["7:30","17:30"]],"tuesday":[["7:30","17:30"]],"friday":[["7:30","17:30"]]},"hours_display":"Mon-Fri 7:30 AM-5:30 PM","latitude":41.855269,"locality":"Chicago","longitude":-87.625061,"name":"Detour 2 Discovery Day School","neighborhood":["Near South Side","Film Row","South Loop"],"postcode":"60616","region":"IL","tel":"(312) 949-2273","website":"http://detour2discovery.com/","$distance":5922.043},{"address":"6287 S Archer Ave","category_ids":[23],"category_labels":[["Community and Government","Day Care and Preschools"]],"country":"us","email":"kidzcolony@yahoo.com","factual_id":"162d4157-2bcc-48c2-99c4-c56c39872a11","hours":{"wednesday":[["6:00","18:00"]],"thursday":[["6:00","18:00"]],"monday":[["6:00","18:00"]],"tuesday":[["6:00","18:00"]],"friday":[["6:00","18:00"]]},"hours_display":"Mon-Fri 6:00 AM-6:00 PM","latitude":41.793179,"locality":"Chicago","longitude":-87.777808,"name":"Kid's Colony","neighborhood":["Garfield Ridge"],"postcode":"60638","region":"IL","tel":"(773) 767-8522","website":"http://www.kidscolony.com","$distance":9476.196},{"address":"7018 S Cornell Ave","category_ids":[23],"category_labels":[["Community and Government","Day Care and Preschools"]],"country":"us","email":"samantha_daycare7018@yahoo.com","factual_id":"9ba442c8-afa7-4979-9b8d-814bfa2e3574","hours":{"wednesday":[["6:00","23:59"]],"thursday":[["6:00","23:59"]],"monday":[["6:00","23:59"]],"tuesday":[["6:00","23:59"]],"friday":[["6:00","23:59"]]},"hours_display":"Mon-Fri 6:00 AM-11:59 PM","latitude":41.767322,"locality":"Chicago","longitude":-87.584678,"name":"Samantha Daycare","neighborhood":["South Side"],"postcode":"60649","region":"IL","tel":"(773) 876-9213","website":"http://www.samanthadaycare.com","$distance":8372.218},{"address":"5334 S Archer Ave","category_ids":[23],"category_labels":[["Community and Government","Day Care and Preschools"]],"country":"us","factual_id":"6f8349d3-b43d-4533-8c14-b98b9c51ea51","hours":{"wednesday":[["7:00","18:00"]],"thursday":[["7:00","18:00"]],"monday":[["7:00","18:00"]],"tuesday":[["7:00","18:00"]],"friday":[["7:00","18:00"]]},"hours_display":"Mon-Fri 7:00 AM-6:00 PM","latitude":41.799099,"locality":"Chicago","longitude":-87.741156,"name":"Kids Imagination","neighborhood":["South West Side","Garfield Ridge"],"postcode":"60632","region":"IL","tel":"(773) 526-5159","website":"http://kidsimagination.com","$distance":6367.4165},{"address":"4301 S Wabash Ave","category_ids":[23],"category_labels":[["Community and Government","Day Care and Preschools"]],"country":"us","factual_id":"79db32f8-8122-45b9-b6fd-a35e2d8faccc","fax":"(504) 433-9914","hours":{"wednesday":[["8:00","17:00"]],"thursday":[["8:00","17:00"]],"monday":[["8:00","17:00"]],"tuesday":[["8:00","17:00"]],"friday":[["8:00","17:00"]]},"hours_display":"Mon-Fri 8:00 AM-5:00 PM","latitude":41.816331,"locality":"Chicago","longitude":-87.624675,"name":"Drummon Maggie Memorial Day Care Center","neighborhood":["Grand Boulevard","South Side"],"postcode":"60653","region":"IL","tel":"(773) 373-8200","$distance":3481.423},{"address":"440 E 71st St","category_ids":[23],"category_labels":[["Community and Government","Day Care and Preschools"]],"country":"us","factual_id":"fd86585c-f103-437d-8bd3-5214adb3fc74","hours":{"wednesday":[["6:00","18:00"]],"thursday":[["6:00","18:00"]],"monday":[["6:00","18:00"]],"tuesday":[["6:00","18:00"]],"friday":[["6:00","18:00"]]},"hours_display":"Mon-Fri 6:00 AM-6:00 PM","latitude":41.765891,"locality":"Chicago","longitude":-87.613693,"name":"Allisons Infant And Toddler","neighborhood":["Brookline","Greater Grand Crossing","Grand Crossing"],"postcode":"60619","region":"IL","tel":"(773) 952-4391","$distance":6704.498},{"address":"6725 S Jeffery Blvd","category_ids":[23],"category_labels":[["Community and Government","Day Care and Preschools"]],"country":"us","factual_id":"70d76bb4-afaf-4151-81c6-39edb201a3b6","latitude":41.772688,"locality":"Chicago","longitude":-87.57622,"name":"Stair Step Villa Nursery School & Kindergarten","neighborhood":["South Side","Jackson Park Highlands"],"postcode":"60649","region":"IL","tel":"(773) 684-7340","$distance":8632.865},{"address":"3240 W 98th St","category_ids":[23],"category_labels":[["Community and Government","Day Care and Preschools"]],"country":"us","factual_id":"4a7f1551-d51f-4809-91a1-efd32651ab8f","hours":{"wednesday":[["6:30","18:00"]],"thursday":[["6:30","18:00"]],"monday":[["6:30","18:00"]],"tuesday":[["6:30","18:00"]],"friday":[["6:30","18:00"]]},"hours_display":"Mon-Fri 6:30 AM-6:00 PM","latitude":41.715577,"locality":"Evergreen Park","longitude":-87.702842,"name":"Haven For Tots","neighborhood":["Mount Greenwood","Beverly"],"postcode":"60805","region":"IL","tel":"(708) 422-3314","website":"http://www.unitedbyfaith.org/","$distance":11114.667},{"address":"5332 S Western Ave","category_ids":[23],"category_labels":[["Community and Government","Day Care and Preschools"]],"country":"us","factual_id":"fe70b19d-47a0-4bc2-8586-7cae35f76d28","hours":{"wednesday":[["00:00","23:59"]],"thursday":[["00:00","23:59"]],"monday":[["00:00","23:59"]],"sunday":[["00:00","23:59"]],"saturday":[["00:00","23:59"]],"tuesday":[["00:00","23:59"]],"friday":[["00:00","23:59"]]},"hours_display":"Open Daily 12:00 AM-11:59 PM","latitude":41.796433,"locality":"Chicago","longitude":-87.684317,"name":"Grace Mission Daycare","neighborhood":["South West Side"],"postcode":"60609","region":"IL","tel":"(773) 476-1990","website":"http://www.catholiccharities.org/","$distance":2267.502},{"address":"1020 S Wabash Ave","address_extended":"Ste 100","category_ids":[23],"category_labels":[["Community and Government","Day Care and Preschools"]],"country":"us","factual_id":"1d17e82d-9bd3-46a4-a1d4-a743e5cfc28d","fax":"(973) 575-8114","hours":{"wednesday":[["7:00","18:00"]],"thursday":[["7:00","18:00"]],"monday":[["7:00","18:00"]],"saturday":[["7:00","23:59"]],"tuesday":[["7:00","18:00"]],"friday":[["7:00","18:00"]]},"hours_display":"Mon-Fri 7:00 AM-6:00 PM; Sat 7:00 AM-11:59 PM","latitude":41.869518,"locality":"Chicago","longitude":-87.62637,"name":"A Child's Space","neighborhood":["Park Row","Near South Side","South Loop"],"postcode":"60605","region":"IL","tel":"(312) 431-1234","website":"http://www.achildsspace.com/","$distance":7224.3965},{"address":"8225 S Throop St","category_ids":[23],"category_labels":[["Community and Government","Day Care and Preschools"]],"country":"us","email":"loveat1139@aol.com","factual_id":"ce001324-8698-44dd-a80b-9460ca124734","hours":{"wednesday":[["6:00","18:00"]],"thursday":[["6:00","18:00"]],"monday":[["6:00","18:00"]],"tuesday":[["6:00","18:00"]],"friday":[["6:00","18:00"]]},"hours_display":"Mon-Fri 6:00 AM-6:00 PM","latitude":41.74436,"locality":"Chicago","longitude":-87.655792,"name":"Lots Of Love Childcare","postcode":"60620","region":"IL","tel":"(773) 873-1190","website":"http://lotsoflovepreschool.com","$distance":7541.0205},{"address":"5241 W Madison St","category_ids":[23],"category_labels":[["Community and Government","Day Care and Preschools"]],"country":"us","factual_id":"43a5c5ec-c769-427b-87de-edba20597aa2","hours":{"wednesday":[["6:00","18:00"]],"thursday":[["6:00","18:00"]],"monday":[["6:00","18:00"]],"tuesday":[["6:00","18:00"]],"friday":[["6:00","18:00"]]},"hours_display":"Mon-Fri 6:00 AM-6:00 PM","latitude":41.880147,"locality":"Chicago","longitude":-87.756702,"name":"Little Shepherds Academy","postcode":"60644","region":"IL","tel":"(773) 473-4781","$distance":10679.042},{"address":"6718 Ogden Ave","category_ids":[23],"category_labels":[["Community and Government","Day Care and Preschools"]],"country":"us","factual_id":"d3839ba3-7351-498c-ae28-432ea26e4b68","hours":{"wednesday":[["6:30","18:00"]],"thursday":[["6:30","18:00"]],"monday":[["6:30","18:00"]],"tuesday":[["6:30","18:00"]],"friday":[["6:30","18:00"]]},"hours_display":"Mon-Fri 6:30 AM-6:00 PM","latitude":41.827657,"locality":"Berwyn","longitude":-87.791002,"name":"Happy Bear Child Development Center","neighborhood":["Lavergne","Ogden Avenue District"],"postcode":"60402","region":"IL","tel":"(708) 484-7170","$distance":10490.399},{"address":"4020 W Division St","category_ids":[23],"category_labels":[["Community and Government","Day Care and Preschools"]],"country":"us","factual_id":"f19c39ce-3d95-4936-82d3-8fa5e7f9678b","hours":{"wednesday":[["6:00","18:00"]],"thursday":[["6:00","18:00"]],"monday":[["6:00","18:00"]],"tuesday":[["6:00","18:00"]],"friday":[["6:00","18:00"]]},"hours_display":"Mon-Fri 6:00 AM-6:00 PM","latitude":41.902912,"locality":"Chicago","longitude":-87.726923,"name":"It Takes A Vlg Early Learning","neighborhood":["West and Near West Side"],"postcode":"60651","region":"IL","tel":"(773) 772-9940","$distance":11316.699},{"address":"3575 S Archer Ave","category_ids":[23],"category_labels":[["Community and Government","Day Care and Preschools"]],"country":"us","email":"bskorusa@aol.com","factual_id":"7c8cda40-1e18-012f-0643-0030487f54d8","hours":{"wednesday":[["6:00","18:00"]],"thursday":[["6:00","18:00"]],"monday":[["6:00","18:00"]],"tuesday":[["6:00","18:00"]],"friday":[["6:00","18:00"]]},"hours_display":"Mon-Fri 6:00 AM-6:00 PM","latitude":41.828892,"locality":"Chicago","longitude":-87.679755,"name":"Archer Avenue Learning Station","neighborhood":["Ducktown","South West Side"],"postcode":"60609","region":"IL","tel":"(773) 254-5437","website":"http://learning-station.net","$distance":2213.2373},{"address":"3356 S Ashland Ave","category_ids":[23],"category_labels":[["Community and Government","Day Care and Preschools"]],"country":"us","factual_id":"285b5cde-d613-4388-ad2e-8f46cddc97ec","hours":{"wednesday":[["6:00","18:00"]],"thursday":[["6:00","18:00"]],"monday":[["6:00","18:00"]],"tuesday":[["6:00","18:00"]],"friday":[["6:00","18:00"]]},"hours_display":"Mon-Fri 6:00 AM-6:00 PM","latitude":41.83278,"locality":"Chicago","longitude":-87.665833,"name":"Children's World","neighborhood":["South West Side","Mount Pleasant"],"postcode":"60608","region":"IL","tel":"(773) 523-0100","$distance":2340.8843},{"address":"1636 N Kimball Ave","category_ids":[23],"category_labels":[["Community and Government","Day Care and Preschools"]],"country":"us","factual_id":"59318ea9-2d51-48b4-959c-fc8b7ed8f775","hours":{"wednesday":[["6:00","18:00"]],"thursday":[["6:00","18:00"]],"monday":[["6:00","18:00"]],"tuesday":[["6:00","18:00"]],"friday":[["6:00","18:00"]]},"hours_display":"Mon-Fri 6:00 AM-6:00 PM","latitude":41.911024,"locality":"Chicago","longitude":-87.711876,"name":"Kimball Daycare","neighborhood":["Simons","North Side","West and Near West Side"],"postcode":"60647","region":"IL","tel":"(773) 235-7200","website":"http://kimballdaycare.com","$distance":11670.26},{"address":"5160 S Pulaski Rd","category_ids":[23],"category_labels":[["Community and Government","Day Care and Preschools"]],"country":"us","email":"teddybear1@teddybeardaycare.com","factual_id":"2e5dcaf6-7226-4bd0-ba32-a5ec52bedbc5","hours":{"wednesday":[["6:30","18:00"]],"thursday":[["6:30","18:00"]],"monday":[["6:30","18:00"]],"tuesday":[["6:30","18:00"]],"friday":[["6:30","18:00"]]},"hours_display":"Mon-Fri 6:30 AM-6:00 PM","latitude":41.799056,"locality":"Chicago","longitude":-87.723807,"name":"Teddy Bear Daycare Center","neighborhood":["South West Side","West Elsdon"],"postcode":"60632","region":"IL","tel":"(773) 284-7030","website":"http://www.teddybeardaycare.com/","$distance":4976.3164},{"address":"2501 W 71st St","category_ids":[23],"category_labels":[["Community and Government","Day Care and Preschools"]],"country":"us","factual_id":"2bd68543-41ca-4397-b57b-ecafb806ab4a","hours":{"wednesday":[["6:00","18:00"]],"thursday":[["6:00","18:00"]],"monday":[["6:00","18:00"]],"tuesday":[["6:00","18:00"]],"friday":[["6:00","18:00"]]},"hours_display":"Mon-Fri 6:00 AM-6:00 PM","latitude":41.764507,"locality":"Chicago","longitude":-87.685802,"name":"Mother's Touch","neighborhood":["Forest Hill","South West Side"],"postcode":"60629","region":"IL","tel":"(773) 436-3177","website":"http://www.motherstouchdaycarecenter.com/","$distance":5496.0493},{"address":"6014 S Racine Ave","category_ids":[23],"category_labels":[["Community and Government","Day Care and Preschools"]],"country":"us","email":"info@bottlestobooks.com","factual_id":"9c9bba88-9ce2-4211-ba04-350d126c38ef","fax":"(773) 434-5914","hours":{"wednesday":[["6:00","19:00"]],"thursday":[["6:00","19:00"]],"monday":[["6:00","19:00"]],"tuesday":[["6:00","19:00"]],"friday":[["6:00","19:00"]]},"hours_display":"Mon-Fri 6:00 AM-7:00 PM","latitude":41.784622,"locality":"Chicago","longitude":-87.654872,"name":"Bottles To Books Learning Center","neighborhood":["South West Side"],"postcode":"60636","region":"IL","tel":"(773) 434-5772","website":"http://www.bottlestobooks.com","$distance":3157.8267},{"address":"626 N Trumbull Ave","category_ids":[23],"category_labels":[["Community and Government","Day Care and Preschools"]],"country":"us","factual_id":"35439f9b-bee2-4c96-8580-01442e437b08","hours":{"wednesday":[["6:00","18:00"]],"thursday":[["6:00","18:00"]],"monday":[["6:00","18:00"]],"tuesday":[["6:00","18:00"]],"friday":[["6:00","18:00"]]},"hours_display":"Mon-Fri 6:00 AM-6:00 PM","latitude":41.892478,"locality":"Chicago","longitude":-87.712759,"name":"Garfield Care Daycare","neighborhood":["West and Near West Side"],"postcode":"60624","region":"IL","tel":"(773) 638-3542","$distance":9770.987},{"address":"6332 S Washtenaw Ave","category_ids":[23],"category_labels":[["Community and Government","Day Care and Preschools"]],"country":"us","email":"latoncolli7@aol.com","factual_id":"af12df52-a51e-4ae9-93b8-3e06548828e1","hours":{"wednesday":[["6:30","23:59"]],"thursday":[["6:30","23:59"]],"monday":[["6:30","23:59"]],"tuesday":[["6:30","23:59"]],"friday":[["6:30","23:59"]]},"hours_display":"Mon-Fri 6:30 AM-11:59 PM","latitude":41.778221,"locality":"Chicago","longitude":-87.691151,"name":"L & R Child Care","neighborhood":["South West Side","Chicago Lawn"],"postcode":"60629","region":"IL","tel":"(773) 776-1929","website":"http://www.landrchildcare.com","$distance":4260.5747},{"address":"7146 S Ashland Ave","category_ids":[23],"category_labels":[["Community and Government","Day Care and Preschools"]],"country":"us","factual_id":"060702e9-8386-4978-9e56-52fb8a00e3ef","hours":{"wednesday":[["6:00","18:00"]],"thursday":[["6:00","18:00"]],"monday":[["6:00","18:00"]],"tuesday":[["6:00","18:00"]],"friday":[["6:00","18:00"]]},"hours_display":"Mon-Fri 6:00 AM-6:00 PM","latitude":41.763609,"locality":"Chicago","longitude":-87.663988,"name":"Little Hands Child Creative Center","neighborhood":["West Englewood"],"postcode":"60636","region":"IL","tel":"(773) 471-0662","$distance":5354.037},{"address":"2629 S Lawndale Ave","category_ids":[23],"category_labels":[["Community and Government","Day Care and Preschools"]],"country":"us","factual_id":"c58a4310-780f-459f-ad2d-2e1981058d09","hours":{"wednesday":[["6:00","18:00"]],"thursday":[["6:00","18:00"]],"monday":[["6:00","18:00"]],"tuesday":[["6:00","18:00"]],"friday":[["6:00","18:00"]]},"hours_display":"Mon-Fri 6:00 AM-6:00 PM","latitude":41.843502,"locality":"Chicago","longitude":-87.717002,"name":"A-Zmall World Child Development Center","neighborhood":["Lawndale","South Lawndale"],"postcode":"60623","region":"IL","tel":"(773) 522-1150","$distance":5493.717},{"address":"5039 S Greenwood Ave","category_ids":[23],"category_labels":[["Community and Government","Day Care and Preschools"]],"country":"us","email":"scort@kamii.org","factual_id":"f2c731be-68bf-4442-b434-1acef9c8fde0","fax":"(913) 369-3509","latitude":41.803229,"locality":"Chicago","longitude":-87.599058,"name":"Kam Isaiah Israel Nursery","neighborhood":["Kenwood","South Side"],"postcode":"60615","region":"IL","tel":"(773) 924-1234","website":"https://www.kamii.org/nursery","$distance":5646.887},{"address":"1250 W Spring St","category_ids":[23],"category_labels":[["Community and Government","Day Care and Preschools"]],"country":"us","email":"000097@klcorp.com","factual_id":"1396cef5-9a6a-45ef-b2fc-9a7ff798b778","fax":"(847) 289-5282","hours":{"wednesday":[["6:15","18:15"]],"thursday":[["6:15","18:15"]],"monday":[["6:15","18:15"]],"tuesday":[["6:15","18:15"]],"friday":[["6:15","18:15"]]},"hours_display":"Mon-Fri 6:15 AM-6:15 PM","latitude":41.997354,"locality":"South Elgin","longitude":-88.317797,"name":"KinderCare Learning Center","postcode":"60177","region":"IL","tel":"(847) 289-5280","website":"http://www.kindercare.com/","$distance":5368.964},{"address":"1560 Weatherstone Ln","category_ids":[23],"category_labels":[["Community and Government","Day Care and Preschools"]],"country":"us","email":"brightstars123@msn.com","factual_id":"705fae2d-1e59-49b2-80ca-e5988b47e85c","fax":"(847) 931-4628","hours":{"wednesday":[["6:30","18:00"]],"thursday":[["6:30","18:00"]],"monday":[["6:30","18:00"]],"tuesday":[["6:30","18:00"]],"friday":[["6:30","18:00"]]},"hours_display":"Mon-Fri 6:30 AM-6:00 PM","latitude":42.0568,"locality":"Elgin","longitude":-88.316675,"name":"Bright Stars Academy","postcode":"60123","region":"IL","tel":"(847) 931-4670","website":"http://www.brightstarsacademy.com","$distance":3648.4485},{"address":"1520 Main Ln","category_ids":[23],"category_labels":[["Community and Government","Day Care and Preschools"]],"country":"us","email":"apmail@klcorp.com","factual_id":"0a9e24de-517b-4aae-b805-4caded314916","fax":"(847) 697-7838","hours":{"wednesday":[["6:30","18:00"]],"thursday":[["6:30","18:00"]],"monday":[["6:30","18:00"]],"tuesday":[["6:30","18:00"]],"friday":[["6:30","18:00"]]},"hours_display":"Mon-Fri 6:30 AM-6:00 PM","latitude":42.025514,"locality":"Elgin","longitude":-88.315543,"name":"KinderCare Learning Center","postcode":"60123","region":"IL","tel":"(847) 697-0555","website":"http://www.kindercare.com/","$distance":3123.0452},{"address":"2395 Bowes Rd","category_ids":[23],"category_labels":[["Community and Government","Day Care and Preschools"]],"country":"us","email":"care@kindercare.com","factual_id":"1b2e1159-aad6-4adc-9e41-3c705d097e5b","fax":"(847) 695-7260","hours":{"wednesday":[["6:15","18:15"]],"thursday":[["6:15","18:15"]],"monday":[["6:15","18:15"]],"tuesday":[["6:15","18:15"]],"friday":[["6:15","18:15"]]},"hours_display":"Mon-Fri 6:15 AM-6:15 PM","latitude":42.006094,"locality":"Elgin","longitude":-88.334248,"name":"KinderCare Learning Center","postcode":"60123","region":"IL","tel":"(847) 622-9475","website":"http://www.kindercare.com/","$distance":5586.7583},{"address":"2485 South St","category_ids":[23],"category_labels":[["Community and Government","Day Care and Preschools"]],"country":"us","email":"care@kindercare.com","factual_id":"07485dbe-41d1-495e-8656-ed1402778317","fax":"(847) 888-8549","hours":{"wednesday":[["6:15","18:15"]],"thursday":[["6:15","18:15"]],"monday":[["6:15","18:15"]],"tuesday":[["6:15","18:15"]],"friday":[["6:15","18:15"]]},"hours_display":"Mon-Fri 6:15 AM-6:15 PM","latitude":42.023922,"locality":"Elgin","longitude":-88.340991,"name":"KinderCare Learning Center","postcode":"60124","region":"IL","tel":"(847) 888-4288","website":"http://www.kindercare.com/","$distance":5156.769},{"address":"600 Willow Ln","address_extended":"Ste A","category_ids":[23],"category_labels":[["Community and Government","Day Care and Preschools"]],"country":"us","email":"theearlyed@sbcglobal.net","factual_id":"b585a60d-b391-46c9-84a0-73d81435fff7","fax":"(847) 426-3820","hours":{"wednesday":[["6:30","18:00"]],"thursday":[["6:30","18:00"]],"monday":[["6:30","18:00"]],"tuesday":[["6:30","18:00"]],"friday":[["6:30","18:00"]]},"hours_display":"Mon-Fri 6:30 AM-6:00 PM","latitude":42.09121,"locality":"Sleepy Hollow","longitude":-88.291206,"name":"Early Education Station","postcode":"60118","region":"IL","tel":"(847) 426-3760","website":"http://theearlyed.com/","$distance":6056.788},{"address":"2325 Royal Blvd","category_ids":[23],"category_labels":[["Community and Government","Day Care and Preschools"]],"country":"us","email":"learningtree2325@sbcglobal.net","factual_id":"181b359d-6619-4cc2-bd3d-b2938b5092e3","fax":"(312) 563-5990","hours":{"wednesday":[["6:30","18:00"]],"thursday":[["6:30","18:00"]],"monday":[["6:30","18:00"]],"tuesday":[["6:30","18:00"]],"friday":[["6:30","18:00"]]},"hours_display":"Mon-Fri 6:30 AM-6:00 PM","latitude":42.051623,"locality":"Elgin","longitude":-88.333492,"name":"Learning Tree","postcode":"60123","region":"IL","tel":"(847) 888-4220","website":"http://www.learningtreechild.com","$distance":4605.13},{"address":"711 Willow Ln","category_ids":[23],"category_labels":[["Community and Government","Day Care and Preschools"]],"country":"us","email":"stwhite@klcorp.com","factual_id":"643a73fd-017a-4743-974d-8ca3f80e4b81","fax":"(847) 836-9305","hours":{"wednesday":[["6:30","18:30"]],"thursday":[["6:30","18:30"]],"monday":[["6:30","18:30"]],"tuesday":[["6:30","18:30"]],"friday":[["6:30","18:30"]]},"hours_display":"Mon-Fri 6:30 AM-6:30 PM","latitude":42.090596,"locality":"Sleepy Hollow","longitude":-88.292061,"name":"KinderCare Learning Center","postcode":"60118","region":"IL","tel":"(847) 836-4011","website":"http://www.kindercare.com/","$distance":5999.3125},{"address":"1040 Sutton Rd","category_ids":[23],"category_labels":[["Community and Government","Day Care and Preschools"]],"country":"us","email":"streamwood@kiddieacademy.net","factual_id":"2cb895a0-839b-49b7-a8d2-855f82befc35","fax":"(630) 497-8300","hours":{"wednesday":[["6:30","18:30"]],"thursday":[["6:30","18:30"]],"monday":[["6:30","18:30"]],"tuesday":[["6:30","18:30"]],"friday":[["6:30","18:30"]]},"hours_display":"Mon-Fri 6:30 AM-6:30 PM","latitude":42.015528,"locality":"Streamwood","longitude":-88.204175,"name":"Kiddie Academy of Streamwood","postcode":"60107","region":"IL","tel":"(630) 497-0200","website":"http://www.kiddieacademy.com/streamwood","$distance":6804.5376},{"address":"845 Summit St","category_ids":[23],"category_labels":[["Community and Government","Day Care and Preschools"]],"country":"us","email":"parneetgrewal@ikumon.com","factual_id":"11a4278d-18de-4ccf-8601-706757379d2e","fax":"(847) 741-7257","hours":{"wednesday":[["6:30","18:00"]],"thursday":[["6:30","18:00"]],"monday":[["6:30","18:00"]],"tuesday":[["6:30","18:00"]],"friday":[["6:30","18:00"]]},"hours_display":"Mon-Fri 6:30 AM-6:00 PM","latitude":42.046232,"locality":"Elgin","longitude":-88.258467,"name":"Learning Tree","postcode":"60120","region":"IL","tel":"(847) 741-6880","website":"http://www.learningtreechild.com","$distance":2125.7039},{"address":"2496 Bushwood Dr","category_ids":[23],"category_labels":[["Community and Government","Day Care and Preschools"]],"country":"us","email":"elginil@goddardschools.com","factual_id":"aaaa0d4b-5d99-45bf-a5ce-0b4addc367e9","fax":"(847) 783-0480","hours":{"wednesday":[["7:00","18:00"]],"thursday":[["7:00","18:00"]],"monday":[["7:00","18:00"]],"tuesday":[["7:00","18:00"]],"friday":[["7:00","18:00"]]},"hours_display":"Mon-Fri 7:00 AM-6:00 PM","latitude":42.093612,"locality":"Elgin","longitude":-88.337216,"name":"The Goddard School","postcode":"60124","region":"IL","tel":"(847) 783-0083","website":"http://www.goddardschool.com/ElginIL","$distance":7788.91},{"address":"795 S Route 59","category_ids":[23],"category_labels":[["Community and Government","Day Care and Preschools"]],"country":"us","email":"user@kindercare.com","factual_id":"05dc9915-5172-459b-92ca-7f7a98303ad6","fax":"(630) 289-6078","hours":{"wednesday":[["6:15","18:15"]],"thursday":[["6:15","18:15"]],"monday":[["6:15","18:15"]],"tuesday":[["6:15","18:15"]],"friday":[["6:15","18:15"]]},"hours_display":"Mon-Fri 6:15 AM-6:15 PM","latitude":41.97777,"locality":"Bartlett","longitude":-88.205965,"name":"KinderCare Learning Center","postcode":"60103","region":"IL","tel":"(630) 289-0499","website":"http://www.kindercare.com/","$distance":9076.056},{"address":"5100 Sedge Blvd","category_ids":[23],"category_labels":[["Community and Government","Day Care and Preschools"]],"country":"us","email":"ncleveland@klcorp.com","factual_id":"8744e4d0-9f71-4a1a-9d64-9e7ce46cfe4b","fax":"(847) 645-9574","hours":{"wednesday":[["6:30","18:30"]],"thursday":[["6:30","18:30"]],"monday":[["6:30","18:30"]],"tuesday":[["6:30","18:30"]],"friday":[["6:30","18:30"]]},"hours_display":"Mon-Fri 6:30 AM-6:30 PM","latitude":42.076912,"locality":"Hoffman Estates","longitude":-88.205167,"name":"KinderCare Learning Center","postcode":"60192","region":"IL","tel":"(847) 645-9510","website":"http://www.kindercare.com/","$distance":7670.974},{"address":"112 Tay River Dr","category_ids":[23],"category_labels":[["Community and Government","Day Care and Preschools"]],"country":"us","email":"carpentersville@kiddieacademy.net","factual_id":"a6bb1f2d-d047-49d0-b34d-00597e09bfc3","fax":"(847) 649-1792","hours":{"wednesday":[["6:30","18:30"]],"thursday":[["6:30","18:30"]],"monday":[["6:30","18:30"]],"tuesday":[["6:30","18:30"]],"friday":[["6:30","18:30"]]},"hours_display":"Mon-Fri 6:30 AM-6:30 PM","latitude":42.108934,"locality":"Carpentersville","longitude":-88.29996,"name":"Kiddie Academy of Carpentersville","postcode":"60110","region":"IL","tel":"(847) 844-8600","website":"http://www.kiddieacademy.com/carpentersville","$distance":8120.0723},{"address":"860 S Rt 59","category_ids":[23],"category_labels":[["Community and Government","Day Care and Preschools"]],"country":"us","email":"care@kindercare.com","factual_id":"771ae2d6-2488-4f9a-93b2-b7b946958f23","fax":"(630) 736-0596","hours":{"wednesday":[["6:30","18:30"]],"thursday":[["6:30","18:30"]],"monday":[["6:30","18:30"]],"tuesday":[["6:30","18:30"]],"friday":[["6:30","18:30"]]},"hours_display":"Mon-Fri 6:30 AM-6:30 PM","latitude":41.976008,"locality":"Bartlett","longitude":-88.207135,"name":"Bartlett Commons Kids Choice","postcode":"60103","region":"IL","tel":"(630) 213-0799","$distance":9154.973},{"address":"2450 Westfield Dr","category_ids":[23],"category_labels":[["Community and Government","Day Care and Preschools"]],"country":"us","email":"elgin@brighthorizons.com","factual_id":"092686ec-07fe-4a09-849e-01d212aff883","hours":{"wednesday":[["6:30","18:30"]],"thursday":[["6:30","18:30"]],"monday":[["6:30","18:30"]],"tuesday":[["6:30","18:30"]],"friday":[["6:30","18:30"]]},"hours_display":"Mon-Fri 6:30 AM-6:30 PM","latitude":42.076597,"locality":"Elgin","longitude":-88.34249,"name":"Bright Horizons at Elgin","postcode":"60124","region":"IL","tel":"(847) 488-6700","website":"http://child-care-preschool.brighthorizons.com/IL/Elgin/elgin/","$distance":6689.9443},{"address":"935 E Devon Ave","category_ids":[23],"category_labels":[["Community and Government","Day Care and Preschools"]],"country":"us","email":"pegsfriendship@yahoo.com","factual_id":"184c08c6-c186-4e09-b05d-4deb188774f7","fax":"(601) 366-8166","hours":{"wednesday":[["6:30","18:00"]],"thursday":[["6:30","18:00"]],"monday":[["6:30","18:00"]],"tuesday":[["6:30","18:00"]],"friday":[["6:30","18:00"]]},"hours_display":"Mon-Fri 6:30 AM-6:00 PM","latitude":41.987515,"locality":"Bartlett","longitude":-88.168235,"name":"Friendship Corner","neighborhood":["Ontarioville"],"postcode":"60103","region":"IL","tel":"(630) 289-2211","website":"http://www.friendship-corner.com/","$distance":10847.689},{"address":"450 Briargate Dr","category_ids":[23],"category_labels":[["Community and Government","Day Care and Preschools"]],"country":"us","email":"ldaniel@primrosesouthelgin.com","factual_id":"2f90b881-fe1f-4d7c-b7be-a14c7b9fdbeb","hours":{"wednesday":[["6:30","18:00"]],"thursday":[["6:30","18:00"]],"monday":[["6:30","18:00"]],"tuesday":[["6:30","18:00"]],"friday":[["6:30","18:00"]]},"hours_display":"Mon-Fri 6:30 AM-6:00 PM","latitude":41.981252,"locality":"South Elgin","longitude":-88.344165,"name":"Primrose School of South Elgin","postcode":"60177","region":"IL","tel":"(847) 468-1630","website":"http://www.primrosesouthelgin.com","$distance":8114.4497},{"address":"2350 Bode Rd","category_ids":[23],"category_labels":[["Community and Government","Day Care and Preschools"]],"country":"us","email":"care@kindercare.com","factual_id":"8e7eb1c9-6d86-4bdd-a995-6ea9356f63e3","fax":"(847) 884-7292","hours":{"wednesday":[["6:30","18:00"]],"thursday":[["6:30","18:00"]],"monday":[["6:30","18:00"]],"tuesday":[["6:30","18:00"]],"friday":[["6:30","18:00"]]},"hours_display":"Mon-Fri 6:30 AM-6:00 PM","latitude":42.039153,"locality":"Schaumburg","longitude":-88.137738,"name":"KinderCare Learning Center","postcode":"60194","region":"IL","tel":"(847) 884-0810","website":"http://www.kindercare.com/","$distance":11848.788},{"address":"750 N McLean Blvd","category_ids":[23],"category_labels":[["Community and Government","Day Care and Preschools"]],"country":"us","email":"info@childrenofamerica.com","factual_id":"16e93b43-3e29-4668-96ef-818429c97823","hours":{"wednesday":[["6:30","18:30"]],"thursday":[["6:30","18:30"]],"monday":[["6:30","18:30"]],"tuesday":[["6:30","18:30"]],"friday":[["6:30","18:30"]]},"hours_display":"Mon-Fri 6:30 AM-6:30 PM","latitude":42.005478,"locality":"South Elgin","longitude":-88.31539,"name":"Children Of America South Elgin","postcode":"60177","region":"IL","tel":"(847) 693-4865","website":"http://www.childrenofamerica.com/locations-elgin.cfm","$distance":4523.572},{"address":"456 Dundee Ave","category_ids":[23],"category_labels":[["Community and Government","Day Care and Preschools"]],"country":"us","email":"jamesourth@safarichildcare.com","factual_id":"7078edcb-97ab-4310-a427-a74086ab3576","latitude":42.096923,"locality":"East Dundee","longitude":-88.258036,"name":"Safari Childcare","postcode":"60118","region":"IL","tel":"(847) 551-3516","website":"http://www.safarichildcare.com/","$distance":6905.13},{"address":"100 W Higgins Rd","address_extended":"Unit X","category_ids":[23],"category_labels":[["Community and Government","Day Care and Preschools"]],"country":"us","factual_id":"29651136-b149-4b8c-aed8-166276da23e4","fax":"(847) 852-4002","hours":{"wednesday":[["6:00","20:00"]],"thursday":[["6:00","20:00"]],"monday":[["6:00","20:00"]],"saturday":[["6:00","19:00"]],"tuesday":[["6:00","20:00"]],"friday":[["6:00","20:00"]]},"hours_display":"Mon-Fri 6:00 AM-8:00 PM; Sat 6:00 AM-7:00 PM","latitude":42.074705,"locality":"South Barrington","longitude":-88.18782,"name":"Creme De La Creme","postcode":"60010","region":"IL","tel":"(847) 852-4000","website":"http://www.shopthearboretumsb.com/store-directory/creme-de-la-creme","$distance":8761.876},{"address":"37W040 Highland Ave","category_ids":[23],"category_labels":[["Community and Government","Day Care and Preschools"]],"country":"us","email":"penny@newcreationspreschool.org","factual_id":"030a6854-b2c8-4dc5-a8c8-b426be895529","fax":"(315) 894-1443","hours":{"wednesday":[["9:00","12:00"]],"thursday":[["9:00","12:00"]],"monday":[["9:00","12:00"]],"tuesday":[["9:00","12:00"]],"friday":[["9:00","12:00"]]},"hours_display":"Mon-Fri 9:00 AM-12:00 PM","latitude":42.049042,"locality":"Elgin","longitude":-88.34208,"name":"New Creations Pre-School","postcode":"60124","region":"IL","tel":"(847) 931-5088","website":"http://www.newcreationspreschool.org/","$distance":5196.3267},{"address":"620 Wing St","category_ids":[23],"category_labels":[["Community and Government","Day Care and Preschools"]],"country":"us","factual_id":"dc3ad57f-4d70-49aa-96fb-2303ebd2fedd","fax":"(847) 742-2413","latitude":42.045854,"locality":"Elgin","longitude":-88.294603,"name":"Wic Program","postcode":"60123","region":"IL","tel":"(847) 741-1176","$distance":1463.6251},{"address":"210 National St","category_ids":[23],"category_labels":[["Community and Government","Day Care and Preschools"]],"country":"us","factual_id":"1ec5dfea-bb99-4c68-b721-4cdbf1429582","hours":{"wednesday":[["6:30","17:30"]],"thursday":[["6:30","17:30"]],"monday":[["6:30","17:30"]],"tuesday":[["6:30","17:30"]],"friday":[["6:30","17:30"]]},"hours_display":"Mon-Fri 6:30 AM-5:30 PM","latitude":42.031142,"locality":"Elgin","longitude":-88.276049,"name":"One Hope United","postcode":"60120","region":"IL","tel":"(847) 697-7100","website":"http://onehopechilddevelopment.org/elgin-child-family-resource-center/","$distance":800.9771},{"address":"418 Airport Rd","address_extended":"Ste B","category_ids":[23],"category_labels":[["Community and Government","Day Care and Preschools"]],"country":"us","factual_id":"c0ba1253-0928-4daa-ab12-6668e715f303","hours":{"wednesday":[["9:00","14:30"]],"thursday":[["9:00","14:30"]],"monday":[["9:00","14:30"]],"tuesday":[["9:00","14:30"]],"friday":[["9:00","14:30"]]},"hours_display":"Mon-Fri 9:00 AM-2:30 PM","latitude":42.07025,"locality":"Elgin","longitude":-88.288439,"name":"Two Rivers Head Start Agency","postcode":"60123","region":"IL","tel":"(847) 717-6048","website":"http://trhsa.org","$distance":3717.9275},{"address":"735 Dundee Ave","category_ids":[23],"category_labels":[["Community and Government","Day Care and Preschools"]],"country":"us","email":"dceo.webmaster@illinois.gov","factual_id":"06eda63f-3cbd-4bed-a739-ee6cd69ce01f","fax":"(847) 742-4956","hours":{"wednesday":[["6:00","18:00"]],"thursday":[["6:00","18:00"]],"monday":[["6:00","18:00"]],"tuesday":[["6:00","18:00"]],"friday":[["6:00","18:00"]]},"hours_display":"Mon-Fri 6:00 AM-6:00 PM","latitude":42.050765,"locality":"Elgin","longitude":-88.27215,"name":"Two Rivers Head Start","postcode":"60120","region":"IL","tel":"(847) 742-4922","website":"http://www.trhsa.org/","$distance":1677.995},{"address":"200 N Tyler Rd","category_ids":[23],"category_labels":[["Community and Government","Day Care and Preschools"]],"country":"us","email":"saintcharlesil@goddardschools.com","factual_id":"2608cbdb-20ce-4f59-a814-b869057c3a90","fax":"(630) 513-5450","hours":{"wednesday":[["7:00","18:00"]],"thursday":[["7:00","18:00"]],"monday":[["7:00","18:00"]],"tuesday":[["7:00","18:00"]],"friday":[["7:00","18:00"]]},"hours_display":"Mon-Fri 7:00 AM-6:00 PM","latitude":41.918535,"locality":"Saint Charles","longitude":-88.292505,"name":"The Goddard School","neighborhood":["Surrey Woods"],"postcode":"60174","region":"IL","tel":"(630) 513-0100","website":"http://www.goddardschool.com/Saint-CharlesIL","$distance":13233.619},{"address":"107 Cottonwood Dr","category_ids":[23],"category_labels":[["Community and Government","Day Care and Preschools"]],"country":"us","email":"littlemindsinfo@gmail.com","factual_id":"b5281394-c0b5-4fbc-8d42-7a8d2d947f82","hours":{"wednesday":[["7:00","18:00"]],"thursday":[["7:00","18:00"]],"monday":[["7:00","18:00"]],"tuesday":[["7:00","18:00"]],"friday":[["7:00","18:00"]]},"hours_display":"Mon-Fri 7:00 AM-6:00 PM","latitude":42.025344,"locality":"Streamwood","longitude":-88.215822,"name":"Little Minds Montessori Childcare","postcode":"60107","region":"IL","tel":"(847) 971-7506","website":"http://www.littlemindshomechildcare.com/","$distance":5558.9116},{"address":"83 W Irving Park Rd","category_ids":[23],"category_labels":[["Community and Government","Day Care and Preschools"]],"country":"us","factual_id":"326ce726-4fbc-47d4-b8a1-ee2d392e827c","hours":{"wednesday":[["6:30","18:30"]],"thursday":[["6:30","18:30"]],"monday":[["6:30","18:30"]],"tuesday":[["6:30","18:30"]],"friday":[["6:30","18:30"]]},"hours_display":"Mon-Fri 6:30 AM-6:30 PM","latitude":42.013613,"locality":"Streamwood","longitude":-88.184734,"name":"Safari Childcare","postcode":"60107","region":"IL","tel":"(888) 488-5883","website":"http://www.safarichildcare.com/","$distance":8389.691},{"address":"1360 W Army Trail Rd","category_ids":[23],"category_labels":[["Community and Government","Day Care and Preschools"]],"country":"us","email":"care@kindercare.com","factual_id":"10b7c6fa-0823-4806-9d1d-e35d17790780","fax":"(630) 213-8849","hours":{"wednesday":[["6:00","18:15"]],"thursday":[["6:00","18:15"]],"monday":[["6:00","18:15"]],"tuesday":[["6:00","18:15"]],"friday":[["6:00","18:15"]]},"hours_display":"Mon-Fri 6:00 AM-6:15 PM","latitude":41.941502,"locality":"Carol Stream","longitude":-88.170251,"name":"KinderCare Learning Center","neighborhood":["Schick"],"postcode":"60188","region":"IL","tel":"(630) 213-5900","website":"http://www.kindercare.com/","$distance":14050.639},{"address":"3003 Wakefield Dr","category_ids":[23],"category_labels":[["Community and Government","Day Care and Preschools"]],"country":"us","factual_id":"2d12b752-b31c-4ccc-bd57-0272f17dad49","latitude":42.105735,"locality":"Carpentersville","longitude":-88.246981,"name":"Well Child Center","postcode":"60110","region":"IL","tel":"(847) 836-9835","website":"http://www.wellchildcenter.org/","$distance":8121.834},{"address":"5334 Sears Pkwy","category_ids":[23],"category_labels":[["Community and Government","Day Care and Preschools"]],"country":"us","email":"sears@brighthorizons.com","factual_id":"2110654e-1346-4c94-bf73-ce786c1af731","hours":{"wednesday":[["6:30","18:00"]],"thursday":[["6:30","18:00"]],"monday":[["6:30","18:00"]],"tuesday":[["6:30","18:00"]],"friday":[["6:30","18:00"]]},"hours_display":"Mon-Fri 6:30 AM-6:00 PM","latitude":42.079579,"locality":"Hoffman Estates","longitude":-88.213253,"name":"Bright Horzns Child Center","postcode":"60192","region":"IL","tel":"(847) 286-8687","website":"http://brighthorizons.com","$distance":7322.011},{"address":"2011 Dean St","address_extended":"Ste A","category_ids":[23],"category_labels":[["Community and Government","Day Care and Preschools"]],"country":"us","email":"kids_connection@sbcglobal.net","factual_id":"15452b75-fa7e-446c-ba42-a02f67d75327","hours":{"wednesday":[["7:00","18:00"]],"thursday":[["7:00","18:00"]],"monday":[["7:00","18:00"]],"tuesday":[["7:00","18:00"]],"friday":[["7:00","18:00"]]},"hours_display":"Mon-Fri 7:00 AM-6:00 PM","latitude":41.917816,"locality":"Saint Charles","longitude":-88.337817,"name":"Kids Connections","neighborhood":["Wildrose Valley"],"postcode":"60174","region":"IL","tel":"(630) 587-9400","website":"http://www.kidsconnection.info/","$distance":14081.278},{"address":"116 Carpenter Blvd","category_ids":[23],"category_labels":[["Community and Government","Day Care and Preschools"]],"country":"us","factual_id":"4f0e93d4-2eb1-4f59-82c7-ed978194f299","fax":"(847) 426-9529","hours":{"wednesday":[["6:00","18:00"]],"thursday":[["6:00","18:00"]],"monday":[["6:00","18:00"]],"tuesday":[["6:00","18:00"]],"friday":[["6:00","18:00"]]},"hours_display":"Mon-Fri 6:00 AM-6:00 PM","latitude":42.107086,"locality":"Carpentersville","longitude":-88.281512,"name":"Tom Thumb Day Care Center","postcode":"60110","region":"IL","tel":"(847) 426-9505","website":"http://www.childrenshomeandaid.org/","$distance":7765.4653},{"address":"1648 S Green Meadows Blvd","category_ids":[23],"category_labels":[["Community and Government","Day Care and Preschools"]],"country":"us","factual_id":"b8a22be4-ed6d-4002-8573-a26a791c65b7","latitude":42.033568,"locality":"Streamwood","longitude":-88.146449,"name":"Home Away From Home Child Care","postcode":"60107","region":"IL","tel":"(630) 736-0800","website":"http://www.homeawayfromhomechildcare.net","$distance":11135.524},{"address":"1122 Westover Ln","category_ids":[23],"category_labels":[["Community and Government","Day Care and Preschools"]],"country":"us","email":"300746@klcorp.com","factual_id":"defd8d37-9d5f-489e-87b8-714883a04073","fax":"(847) 524-8746","hours":{"wednesday":[["6:00","18:00"]],"thursday":[["6:00","18:00"]],"monday":[["6:00","18:00"]],"tuesday":[["6:00","18:00"]],"friday":[["6:00","18:00"]]},"hours_display":"Mon-Fri 6:00 AM-6:00 PM","latitude":42.004511,"locality":"Schaumburg","longitude":-88.121515,"name":"KinderCare Learning Center","postcode":"60193","region":"IL","tel":"(847) 524-8787","website":"http://www.kindercare.com/","$distance":13683.404},{"address":"150 S Kennedy Dr","address_extended":"Ste 20A","category_ids":[23],"category_labels":[["Community and Government","Day Care and Preschools"]],"country":"us","email":"trhsa@trhsa.org","factual_id":"bfe7d5d8-385b-45bc-bb16-adcdcf8e709f","hours":{"wednesday":[["12:00","17:00"]],"thursday":[["12:00","17:00"]],"monday":[["12:00","17:00"]],"tuesday":[["12:00","17:00"]],"friday":[["12:00","17:00"]]},"hours_display":"Mon-Fri 12:00 PM-5:00 PM","latitude":42.105732,"locality":"Carpentersville","longitude":-88.290379,"name":"Two Rivers Head Start Agency","postcode":"60110","region":"IL","tel":"(847) 836-6204","website":"http://www.trhsa.org","$distance":7652.5415},{"address":"2044 Franciscan Way","category_ids":[23],"category_labels":[["Community and Government","Day Care and Preschools"]],"country":"us","email":"user@kindercare.com","factual_id":"04135d93-527f-4c0e-9c54-ccd6f09aaac3","fax":"(630) 562-4075","hours":{"wednesday":[["6:30","18:00"]],"thursday":[["6:30","18:00"]],"monday":[["6:30","18:00"]],"tuesday":[["6:30","18:00"]],"friday":[["6:30","18:00"]]},"hours_display":"Mon-Fri 6:30 AM-6:00 PM","latitude":41.919707,"locality":"West Chicago","longitude":-88.210321,"name":"KinderCare Learning Center","neighborhood":["Oak Meadows"],"postcode":"60185","region":"IL","tel":"(630) 562-3904","website":"http://www.kindercare.com/","$distance":14323.001},{"address":"1955 College Green Dr","category_ids":[23],"category_labels":[["Community and Government","Day Care and Preschools"]],"country":"us","factual_id":"210760ba-bcc6-4dd3-ada8-feb51b652ca8","hours":{"wednesday":[["6:00","18:00"]],"thursday":[["6:00","18:00"]],"monday":[["6:00","18:00"]],"tuesday":[["6:00","18:00"]],"friday":[["6:00","18:00"]]},"hours_display":"Mon-Fri 6:00 AM-6:00 PM","latitude":42.012733,"locality":"Elgin","longitude":-88.326799,"name":"Loris Day Care","postcode":"60123","region":"IL","tel":"(847) 741-7971","website":"http://lorisdayspa.com","$distance":4650.2817},{"address":"1380 Dundee Ave","address_extended":"Ste B","category_ids":[23],"category_labels":[["Community and Government","Day Care and Preschools"]],"country":"us","email":"dceo.webmaster@illinois.gov","factual_id":"2b58ea7c-1a40-46cf-94da-9f09ca27db13","hours":{"wednesday":[["12:00","17:00"]],"thursday":[["12:00","17:00"]],"monday":[["12:00","17:00"]],"tuesday":[["12:00","17:00"]],"friday":[["12:00","17:00"]]},"hours_display":"Mon-Fri 12:00 PM-5:00 PM","latitude":42.062664,"locality":"Elgin","longitude":-88.265378,"name":"Two Rivers Headstart","postcode":"60120","region":"IL","tel":"(847) 622-8129","website":"http://www.trhsa.org","$distance":3112.9287},{"address":"100 W Higgins Rd","address_extended":"Unit L85","category_ids":[23],"category_labels":[["Community and Government","Day Care and Preschools"]],"country":"us","email":"sbarringtonil@gymboreeclasses.com","factual_id":"00cf90c3-36b6-4ff3-bac1-75ed5ca5cbb2","hours":{"wednesday":[["9:00","19:00"]],"thursday":[["9:00","19:00"]],"monday":[["9:00","19:00"]],"saturday":[["9:00","17:00"]],"tuesday":[["9:00","19:00"]],"friday":[["9:00","19:00"]]},"hours_display":"Mon-Fri 9:00 AM-7:00 PM; Sat 9:00 AM-5:00 PM","latitude":42.074705,"locality":"South Barrington","longitude":-88.18782,"name":"Gymboree Play & Music","postcode":"60010","region":"IL","tel":"(847) 844-1175","website":"http://www.gymboreeclasses.com/","$distance":8761.876},{"address":"65 S Center St","category_ids":[23],"category_labels":[["Community and Government","Day Care and Preschools"]],"country":"us","factual_id":"01f0bda3-bf7b-47e2-8b56-d39880d2533d","latitude":41.993617,"locality":"South Elgin","longitude":-88.29209,"name":"Bright Beginnings Child Development Center","postcode":"60177","region":"IL","tel":"(847) 888-0181","$distance":4934.6333},{"address":"5600 Arlington Dr E","category_ids":[23],"category_labels":[["Community and Government","Day Care and Preschools"]],"country":"us","email":"ministepschildcare@gmail.com","factual_id":"151d08da-cbc4-46c3-8159-a172f92ec2b8","hours":{"wednesday":[["6:30","18:00"]],"thursday":[["6:30","18:00"]],"monday":[["6:30","18:00"]],"tuesday":[["6:30","18:00"]],"friday":[["6:30","18:00"]]},"hours_display":"Mon-Fri 6:30 AM-6:00 PM","latitude":41.975289,"locality":"Hanover Park","longitude":-88.130572,"name":"Mini Steps Daycare","postcode":"60133","region":"IL","tel":"(630) 837-6307","website":"http://www.ministepschildcare.com/","$distance":14224.817},{"address":"1050 W Stearns Rd","category_ids":[23],"category_labels":[["Community and Government","Day Care and Preschools"]],"country":"us","email":"academy4orkids@gmail.com","factual_id":"c2397337-cf97-42e7-8394-6b3843829e40","hours":{"wednesday":[["6:30","18:30"]],"thursday":[["6:30","18:30"]],"monday":[["6:30","18:30"]],"tuesday":[["6:30","18:30"]],"friday":[["6:30","18:30"]]},"hours_display":"Mon-Fri 6:30 AM-6:30 PM","latitude":41.975094,"locality":"Bartlett","longitude":-88.205707,"name":"Academy 4 Kids","postcode":"60103","region":"IL","tel":"(630) 289-7878","website":"http://academy4kidsbartlett.com/","$distance":9309.481},{"address":"6N656 Watseka Ave","category_ids":[23],"category_labels":[["Community and Government","Day Care and Preschools"]],"country":"us","factual_id":"7f0f5769-2104-4e9a-8dd0-bb706ae9595b","fax":"(512) 392-9106","hours":{"wednesday":[["12:00","17:00"]],"thursday":[["12:00","17:00"]],"monday":[["12:00","17:00"]],"tuesday":[["12:00","17:00"]],"friday":[["12:00","17:00"]]},"hours_display":"Mon-Fri 12:00 PM-5:00 PM","latitude":41.966353,"locality":"Saint Charles","longitude":-88.291386,"name":"Head Start St Charles Two Rvrs","neighborhood":["Valley View"],"postcode":"60174","region":"IL","tel":"(847) 741-5931","website":"http://trhsa.org","$distance":7928.2905},{"address":"860 S Il Route 59","category_ids":[23],"category_labels":[["Community and Government","Day Care and Preschools"]],"country":"us","email":"care@kindercare.com","factual_id":"478e0817-9718-4e1d-afd3-e9d5928e084b","fax":"(630) 736-0596","hours":{"wednesday":[["6:30","18:30"]],"thursday":[["6:30","18:30"]],"monday":[["6:30","18:30"]],"tuesday":[["6:30","18:30"]],"friday":[["6:30","18:30"]]},"hours_display":"Mon-Fri 6:30 AM-6:30 PM","latitude":41.97578,"locality":"Bartlett","longitude":-88.207173,"name":"KinderCare Learning Center","postcode":"60103","region":"IL","tel":"(630) 213-0799","website":"http://www.kindercare.com/","$distance":9171.76},{"address":"7421 Astor Ave","category_ids":[23],"category_labels":[["Community and Government","Day Care and Preschools"]],"country":"us","email":"jennifers1624@sbcglobal.net","factual_id":"ada24d42-b060-442d-a4df-4415e8fe9bdd","hours":{"wednesday":[["6:30","18:30"]],"thursday":[["6:30","18:30"]],"monday":[["6:30","18:30"]],"tuesday":[["6:30","18:30"]],"friday":[["6:30","18:30"]]},"hours_display":"Mon-Fri 6:30 AM-6:30 PM","latitude":42.007693,"locality":"Hanover Park","longitude":-88.158777,"name":"Jennifer's Preschool","postcode":"60133","region":"IL","tel":"(630) 233-0600","website":"http://jenniferskids.com/","$distance":10632.608},{"address":"501 Rolls Rd","category_ids":[23],"category_labels":[["Community and Government","Day Care and Preschools"]],"country":"us","email":"kduy@klcorp.com","factual_id":"03262e17-b73a-41df-8cd3-b25b7aa85398","fax":"(847) 854-9958","hours":{"wednesday":[["6:30","18:30"]],"thursday":[["6:30","18:30"]],"monday":[["6:30","18:30"]],"tuesday":[["6:30","18:30"]],"friday":[["6:30","18:30"]]},"hours_display":"Mon-Fri 6:30 AM-6:30 PM","latitude":42.169944,"locality":"Algonquin","longitude":-88.332721,"name":"KinderCare Learning Center","postcode":"60102","region":"IL","tel":"(847) 854-8545","website":"http://www.kindercare.com/","$distance":15355.162},{"address":"7421 Astor Ave","category_ids":[23],"category_labels":[["Community and Government","Day Care and Preschools"]],"country":"us","email":"contactus@jenniferskids.com","factual_id":"33c7ad37-13a6-4075-8f88-210f72ce7691","hours":{"wednesday":[["6:30","18:30"]],"thursday":[["6:30","18:30"]],"monday":[["6:30","18:30"]],"tuesday":[["6:30","18:30"]],"friday":[["6:30","18:30"]]},"hours_display":"Mon-Fri 6:30 AM-6:30 PM","latitude":42.00786,"locality":"Hanover Park","longitude":-88.158827,"name":"Jennifer's Kids Learning Center","postcode":"60133","region":"IL","tel":"(630) 233-0600","website":"http://www.jenniferskids.com/","$distance":10622.941},{"address":"16010 S Frederick St","category_ids":[23],"category_labels":[["Community and Government","Day Care and Preschools"]],"country":"us","email":"care@kindercare.com","factual_id":"5e1363b2-9773-4403-ac1a-3b24ee89eba9","fax":"(815) 254-1523","hours":{"wednesday":[["6:00","18:00"]],"thursday":[["6:00","18:00"]],"monday":[["6:00","18:00"]],"tuesday":[["6:00","18:00"]],"friday":[["6:00","18:00"]]},"hours_display":"Mon-Fri 6:00 AM-6:00 PM","latitude":41.591631,"locality":"Plainfield","longitude":-88.199075,"name":"KinderCare Learning Center","neighborhood":["Lily Cache"],"postcode":"60586","region":"IL","tel":"(815) 254-3235","website":"http://www.kindercare.com/","$distance":1712.705},{"address":"24860 W 127th St","category_ids":[23],"category_labels":[["Community and Government","Day Care and Preschools"]],"country":"us","email":"cwplainfield@att.net","factual_id":"d8afd750-b07d-408d-a989-52557c9bc156","hours":{"wednesday":[["6:30","18:30"]],"thursday":[["6:30","18:30"]],"monday":[["6:30","18:30"]],"tuesday":[["6:30","18:30"]],"friday":[["6:30","18:30"]]},"hours_display":"Mon-Fri 6:30 AM-6:30 PM","latitude":41.652499,"locality":"Plainfield","longitude":-88.224524,"name":"Creative World School - Plainfield","postcode":"60585","region":"IL","tel":"(815) 436-4500","website":"http://www.creativeworldschool.com/preschool-plainfield","$distance":5409.384},{"address":"895 S Weber Rd","category_ids":[23],"category_labels":[["Community and Government","Day Care and Preschools"]],"country":"us","email":"care@kindercare.com","factual_id":"1808dbae-1dc6-4d0f-977d-3f49f78a6789","fax":"(630) 759-7434","hours":{"wednesday":[["6:15","18:15"]],"thursday":[["6:15","18:15"]],"monday":[["6:15","18:15"]],"tuesday":[["6:15","18:15"]],"friday":[["6:15","18:15"]]},"hours_display":"Mon-Fri 6:15 AM-6:15 PM","latitude":41.668998,"locality":"Bolingbrook","longitude":-88.126086,"name":"KinderCare Learning Center","neighborhood":["International Center"],"postcode":"60490","region":"IL","tel":"(630) 759-9227","website":"http://www.kindercare.com/","$distance":9347.174},{"address":"2605 Black Rd","category_ids":[23],"category_labels":[["Community and Government","Day Care and Preschools"]],"country":"us","email":"mleach@klcorp.com","factual_id":"17fad696-d5a8-4344-8f23-3bd5f6168e3f","fax":"(815) 729-2166","hours":{"wednesday":[["6:00","18:00"]],"thursday":[["6:00","18:00"]],"monday":[["6:00","18:00"]],"tuesday":[["6:00","18:00"]],"friday":[["6:00","18:00"]]},"hours_display":"Mon-Fri 6:00 AM-6:00 PM","latitude":41.537067,"locality":"Joliet","longitude":-88.147223,"name":"KinderCare Learning Center","postcode":"60435","region":"IL","tel":"(815) 729-2110","website":"http://www.kindercare.com/","$distance":8997.446},{"address":"4998 Theodore St","category_ids":[23],"category_labels":[["Community and Government","Day Care and Preschools"]],"country":"us","email":"ggmsrocks3@sbcglobal.net","factual_id":"b926f2cd-f862-415a-ba41-e03c7bafc241","hours":{"wednesday":[["7:30","17:00"]],"thursday":[["7:30","17:00"]],"monday":[["7:30","17:00"]],"tuesday":[["7:30","17:00"]],"friday":[["7:30","17:00"]]},"hours_display":"Mon-Fri 7:30 AM-5:00 PM","latitude":41.550016,"locality":"Plainfield","longitude":-88.204308,"name":"Garden Gate Montessori","postcode":"60586","region":"IL","tel":"(815) 254-5012","$distance":6327.3276},{"address":"1741 Essington Rd","category_ids":[23],"category_labels":[["Community and Government","Day Care and Preschools"]],"country":"us","email":"spierce@firstassemblyjoliet.org","factual_id":"e81a8897-a72f-4fee-a335-b9461dd2d83c","fax":"(815) 436-2507","hours":{"wednesday":[["9:00","15:30"]],"thursday":[["9:00","15:30"]],"monday":[["9:00","15:30"]],"tuesday":[["9:00","15:30"]],"friday":[["9:00","15:00"]]},"hours_display":"Mon-Thu 9:00 AM-3:30 PM; Fri 9:00 AM-3:00 PM","latitude":41.553465,"locality":"Joliet","longitude":-88.16135,"name":"Kids Connection Preschool","postcode":"60435","region":"IL","tel":"(815) 436-9799","website":"http://www.firstassemblyjoliet.org/","$distance":6830.5605},{"address":"13703 S Route 59","category_ids":[23],"category_labels":[["Community and Government","Day Care and Preschools"]],"country":"us","email":"plainfield@kiddieacademy.net","factual_id":"fff69a65-667a-4e39-b261-0560d0f1b1c4","fax":"(815) 609-0901","hours":{"wednesday":[["6:30","18:30"]],"thursday":[["6:30","18:30"]],"monday":[["6:30","18:30"]],"tuesday":[["6:30","18:30"]],"friday":[["6:30","18:30"]]},"hours_display":"Mon-Fri 6:30 AM-6:30 PM","latitude":41.632989,"locality":"Plainfield","longitude":-88.200654,"name":"Kiddie Academy of Plainfield","neighborhood":["Walker"],"postcode":"60544","region":"IL","tel":"(815) 609-0900","website":"http://www.kiddieacademy.com/plainfield","$distance":2903.875},{"address":"14959 S Van Dyke Rd","category_ids":[23],"category_labels":[["Community and Government","Day Care and Preschools"]],"country":"us","email":"plainfield@lighthousecenters.com","factual_id":"e2809cae-67cf-4a84-ac56-7b6d70457936","hours":{"wednesday":[["6:30","18:00"]],"thursday":[["6:30","18:00"]],"monday":[["6:30","18:00"]],"tuesday":[["6:30","18:00"]],"friday":[["6:30","18:00"]]},"hours_display":"Mon-Fri 6:30 AM-6:00 PM","latitude":41.606869,"locality":"Plainfield","longitude":-88.214935,"name":"Lighthouse Academy","neighborhood":["Walker"],"postcode":"60544","region":"IL","tel":"(815) 782-6347","website":"http://www.lighthousecenters.com/","$distance":1085.263},{"address":"24829 W 135th St","category_ids":[23],"category_labels":[["Community and Government","Day Care and Preschools"]],"country":"us","email":"plainfield1il@goddardschools.com","factual_id":"0847e7b7-72b4-4381-a0dc-2dd67cdbcb6e","fax":"(815) 609-5952","hours":{"wednesday":[["6:30","18:30"]],"thursday":[["6:30","18:30"]],"monday":[["6:30","18:30"]],"tuesday":[["6:30","18:30"]],"friday":[["6:30","18:30"]]},"hours_display":"Mon-Fri 6:30 AM-6:30 PM","latitude":41.63679,"locality":"Plainfield","longitude":-88.223081,"name":"The Goddard School","postcode":"60544","region":"IL","tel":"(815) 609-5970","website":"http://www.goddardschool.com/Plainfield-IIL","$distance":3762.8386},{"address":"2960 Rollingridge Rd","category_ids":[23],"category_labels":[["Community and Government","Day Care and Preschools"]],"country":"us","email":"marketing.nobel@nlcinc.com","factual_id":"df60dd76-f77f-43ce-afa2-490985824033","hours":{"wednesday":[["6:30","18:30"]],"thursday":[["6:30","18:30"]],"monday":[["6:30","18:30"]],"tuesday":[["6:30","18:30"]],"friday":[["6:30","18:30"]]},"hours_display":"Mon-Fri 6:30 AM-6:30 PM","latitude":41.698591,"locality":"Naperville","longitude":-88.206939,"name":"Chesterbrook Academy Preschool","postcode":"60564","region":"IL","tel":"(630) 416-1516","website":"http://www.chesterbrookacademy.com/preschools/chicago/naperville-tall-grass","$distance":10205.353},{"address":"5005 Theodore St","category_ids":[23],"category_labels":[["Community and Government","Day Care and Preschools"]],"country":"us","email":"plainfield2il@goddardschools.com","factual_id":"09d99f19-0e2d-4b98-8447-2f372d4de99f","fax":"(815) 254-0817","hours":{"wednesday":[["6:00","18:00"]],"thursday":[["6:00","18:00"]],"monday":[["6:00","18:00"]],"tuesday":[["6:00","18:00"]],"friday":[["6:00","18:00"]]},"hours_display":"Mon-Fri 6:00 AM-6:00 PM","latitude":41.550892,"locality":"Plainfield","longitude":-88.204939,"name":"The Goddard School","postcode":"60586","region":"IL","tel":"(815) 254-1679","website":"http://www.goddardschool.com/Plainfield-IIIL","$distance":6231.8916},{"address":"1032 104th St","category_ids":[23],"category_labels":[["Community and Government","Day Care and Preschools"]],"country":"us","email":"naperville1il@goddardschools.com","factual_id":"6e85f96d-e192-4689-be8e-0478f14d7b5a","fax":"(630) 778-9035","hours":{"wednesday":[["6:30","18:30"]],"thursday":[["6:30","18:30"]],"monday":[["6:30","18:30"]],"tuesday":[["6:30","18:30"]],"friday":[["6:30","18:30"]]},"hours_display":"Mon-Fri 6:30 AM-6:30 PM","latitude":41.693722,"locality":"Naperville","longitude":-88.169037,"name":"The Goddard School","postcode":"60564","region":"IL","tel":"(630) 355-5665","website":"http://www.goddardschool.com/Naperville-IIL","$distance":10033.543},{"address":"801 N Larkin Ave","address_extended":"Ste 202","category_ids":[23],"category_labels":[["Community and Government","Day Care and Preschools"]],"country":"us","email":"tcoggins@childcarehelp.com","factual_id":"2248c244-6709-4598-98a4-1bc44be87646","fax":"(630) 369-1300","hours":{"wednesday":[["8:30","16:30"]],"thursday":[["13:30","16:30"]],"monday":[["8:30","16:30"]],"sunday":[["00:00","23:59"]],"saturday":[["00:00","23:59"]],"tuesday":[["8:30","15:00"]],"friday":[["8:30","16:30"]]},"hours_display":"Mon 8:30 AM-4:30 PM; Tue 8:30 AM-3:00 PM; Wed 8:30 AM-4:30 PM; Thu 1:30 PM-4:30 PM; Fri 8:30 AM-4:30 PM; Sat-Sun 12:00 AM-11:59 PM","latitude":41.537205,"locality":"Joliet","longitude":-88.125476,"name":"Child Care Resource & Referral","postcode":"60435","region":"IL","tel":"(815) 741-1163","website":"http://www.childcarehelp.com/","$distance":10021.989},{"address":"2210 Plainfield Rd","category_ids":[23],"category_labels":[["Community and Government","Day Care and Preschools"]],"country":"us","factual_id":"044ef528-a328-428e-adee-fd066eb698ee","hours":{"wednesday":[["6:00","18:00"]],"thursday":[["6:00","18:00"]],"monday":[["6:00","18:00"]],"tuesday":[["6:00","18:00"]],"friday":[["6:00","18:00"]]},"hours_display":"Mon-Fri 6:00 AM-6:00 PM","latitude":41.561968,"locality":"Crest Hill","longitude":-88.136179,"name":"Tini Tots","postcode":"60403","region":"IL","tel":"(815) 744-8032","website":"http://www.tinitotsdaycarecenter.com","$distance":7403.5894},{"address":"2345 S Route 59","category_ids":[23],"category_labels":[["Community and Government","Day Care and Preschools"]],"chain_id":"ab4a8c50-d68a-012e-5619-003048cad9da","chain_name":"La Petite Academy","country":"us","email":"7011@lapetite.com","factual_id":"00262847-0666-4ba6-8612-326290711292","hours":{"wednesday":[["6:00","18:00"]],"thursday":[["6:00","18:00"]],"monday":[["6:00","18:00"]],"tuesday":[["6:00","18:00"]],"friday":[["6:00","18:00"]]},"hours_display":"Mon-Fri 6:00 AM-6:00 PM","latitude":41.564154,"locality":"Plainfield","longitude":-88.200461,"name":"La Petite Academy","postcode":"60586","region":"IL","tel":"(888) 258-9051","website":"http://www.lapetite.com","$distance":4753.5024},{"address":"23253 W Renwick Rd","category_ids":[23],"category_labels":[["Community and Government","Day Care and Preschools"]],"country":"us","email":"elite-academy@sbcglobal.net","factual_id":"10592960-c042-41df-ab5b-4bce35946793","fax":"(815) 254-4909","hours":{"wednesday":[["6:00","18:00"]],"thursday":[["6:00","18:00"]],"monday":[["6:00","18:00"]],"tuesday":[["6:00","18:00"]],"friday":[["6:00","18:00"]]},"hours_display":"Mon-Fri 6:00 AM-6:00 PM","latitude":41.593874,"locality":"Plainfield","longitude":-88.184244,"name":"Elite Childrens Academy","neighborhood":["Lily Cache"],"postcode":"60544","region":"IL","tel":"(815) 254-4911","website":"http://www.elite-childrens-academy.com/","$distance":2060.5063},{"address":"3171 T Hickey Ave","category_ids":[23],"category_labels":[["Community and Government","Day Care and Preschools"]],"country":"us","email":"info@educarejoliet.com","factual_id":"e51bbeed-e599-4f0f-ae2b-4ce5ee0a4d30","fax":"(281) 999-3268","hours":{"wednesday":[["6:00","18:00"]],"thursday":[["6:00","18:00"]],"monday":[["6:00","18:00"]],"sunday":[["6:00","18:00"]],"saturday":[["6:00","18:00"]],"tuesday":[["6:00","18:00"]],"friday":[["6:00","18:00"]]},"hours_display":"Open Daily 6:00 AM-6:00 PM","latitude":41.555311,"locality":"Joliet","longitude":-88.160459,"name":"Educare","postcode":"60435","region":"IL","tel":"(815) 436-4024","website":"http://www.educarejoliet.com/","$distance":6690.646},{"address":"1206 Cedarwood Dr","category_ids":[23],"category_labels":[["Community and Government","Day Care and Preschools"]],"country":"us","email":"tlcpat1@aol.com","factual_id":"1ac75a30-e567-012e-24af-00259004449e","latitude":41.54544,"locality":"Crest Hill","longitude":-88.146079,"name":"Tlc Learning Center","postcode":"60403","region":"IL","tel":"(815) 725-3404","website":"http://www.tlclearningcenter.com/","$distance":8260.478},{"address":"24020 W Fraser Rd","category_ids":[23],"category_labels":[["Community and Government","Day Care and Preschools"]],"country":"us","email":"apple.tree@plainfielducc.org","factual_id":"ba4e72aa-b681-458b-9c26-250ed3170694","hours":{"wednesday":[["9:00","11:30"],["12:30","15:00"]],"thursday":[["9:00","11:30"],["12:30","15:00"]],"monday":[["9:00","11:30"],["12:30","15:00"]],"tuesday":[["9:00","11:30"],["12:30","15:00"]],"friday":[["9:00","11:30"],["12:30","15:00"]]},"hours_display":"Mon-Fri 9:00 AM-11:30 AM, 12:30 PM-3:00 PM","latitude":41.586876,"locality":"Plainfield","longitude":-88.202022,"name":"Apple Tree Preschool","neighborhood":["Lily Cache"],"postcode":"60586","region":"IL","tel":"(815) 436-9441","website":"http://www.appletreepreschool.org","$distance":2225.4888},{"address":"24055 Cropland Dr","category_ids":[23],"category_labels":[["Community and Government","Day Care and Preschools"]],"country":"us","email":"jleonard668@yahoo.com","factual_id":"532b51d9-c036-4c8c-8840-1af910e1b420","hours":{"wednesday":[["6:30","18:00"]],"thursday":[["6:30","18:00"]],"monday":[["6:30","18:00"]],"tuesday":[["6:30","18:00"]],"friday":[["6:30","18:00"]]},"hours_display":"Mon-Fri 6:30 AM-6:00 PM","latitude":41.595412,"locality":"Plainfield","longitude":-88.204028,"name":"Parent's Choice Home Daycare","postcode":"60544","region":"IL","tel":"(815) 254-0338","website":"http://www.pchdc.weebly.com","$distance":1288.7106},{"address":"13250 S Route 59","address_extended":"Ste 100","category_ids":[23],"category_labels":[["Community and Government","Day Care and Preschools"]],"country":"us","factual_id":"9a46fba1-2302-4af5-8a11-fac0eec1e013","hours":{"wednesday":[["6:00","18:00"]],"thursday":[["6:00","18:00"]],"monday":[["6:00","18:00"]],"tuesday":[["6:00","18:00"]],"friday":[["6:00","18:00"]]},"hours_display":"Mon-Fri 6:00 AM-6:00 PM","latitude":41.64126,"locality":"Plainfield","longitude":-88.203964,"name":"Lil Miracles Childens Center","postcode":"60585","region":"IL","tel":"(815) 782-7565","$distance":3825.691},{"address":"651 Deerwood Dr","category_ids":[23],"category_labels":[["Community and Government","Day Care and Preschools"]],"country":"us","email":"shorewooddaycare@yahoo.com","factual_id":"53c2a7d5-fe12-45ff-be8b-0c407d277b03","hours":{"wednesday":[["6:15","18:00"]],"thursday":[["6:15","18:00"]],"monday":[["6:15","18:00"]],"tuesday":[["6:15","18:00"]],"friday":[["6:15","18:00"]]},"hours_display":"Mon-Fri 6:15 AM-6:00 PM","latitude":41.523728,"locality":"Shorewood","longitude":-88.205122,"name":"Shorewood Early Learning Daycare Center","postcode":"60404","region":"IL","tel":"(815) 725-7878","website":"http://www.shorewooddaycare.com","$distance":9251.133},{"address":"2218 S Route 59","category_ids":[23],"category_labels":[["Community and Government","Day Care and Preschools"]],"country":"us","email":"marketing.nobel@nlcinc.com","factual_id":"04624e26-fefe-42ed-93e4-34654f4fa054","hours":{"wednesday":[["6:30","18:30"]],"thursday":[["6:30","18:30"]],"monday":[["6:30","18:30"]],"tuesday":[["6:30","18:30"]],"friday":[["6:30","18:30"]]},"hours_display":"Mon-Fri 6:30 AM-6:30 PM","latitude":41.561817,"locality":"Plainfield","longitude":-88.200084,"name":"Chesterbrook Academy Preschool","postcode":"60586","region":"IL","tel":"(815) 230-4947","website":"http://www.chesterbrookacademy.com/preschools/chicago/plainfield","$distance":5014.1265},{"address":"2575 Plainfield Naperville Rd","category_ids":[23],"category_labels":[["Community and Government","Day Care and Preschools"]],"country":"us","email":"info@justforkidspreschool.com","factual_id":"14ea8390-860e-4edb-b463-963804b823a7","fax":"(425) 204-6182","hours":{"wednesday":[["8:30","16:30"]],"thursday":[["8:30","16:30"]],"monday":[["8:30","16:30"]],"tuesday":[["8:30","16:30"]],"friday":[["8:30","16:30"]]},"hours_display":"Mon-Fri 8:30 AM-4:30 PM","latitude":41.71775,"locality":"Naperville","longitude":-88.167694,"name":"Just For Kids Preschool","postcode":"60564","region":"IL","tel":"(630) 357-8749","website":"http://www.justforkidspreschool.com","$distance":12650.014},{"address":"27040 W 127th St","category_ids":[23],"category_labels":[["Community and Government","Day Care and Preschools"]],"country":"us","email":"coaplainfieldil@childrenofamerica.com","factual_id":"cd79d08c-c3f8-4cc8-8655-d196999230c1","hours":{"wednesday":[["6:00","18:00"]],"thursday":[["6:00","18:00"]],"monday":[["6:00","18:00"]],"tuesday":[["6:00","18:00"]],"friday":[["6:00","18:00"]]},"hours_display":"Mon-Fri 6:00 AM-6:00 PM","latitude":41.650887,"locality":"Plainfield","longitude":-88.258324,"name":"Children Of America","postcode":"60585","region":"IL","tel":"(630) 517-4100","website":"http://www.childrenofamerica.com/locations-plainfield.cfm","$distance":6777.9673},{"address":"2504 Fairway Dr","category_ids":[23],"category_labels":[["Community and Government","Day Care and Preschools"]],"country":"us","email":"jnevella@bobbienoonans.com","factual_id":"179315aa-e859-4cee-b174-4350e2b3d135","fax":"(216) 662-4762","hours":{"wednesday":[["6:30","18:00"]],"thursday":[["6:30","18:00"]],"monday":[["6:30","18:00"]],"tuesday":[["6:30","18:00"]],"friday":[["6:30","18:00"]]},"hours_display":"Mon-Fri 6:30 AM-6:00 PM","latitude":41.526409,"locality":"Joliet","longitude":-88.143714,"name":"Bobbie Noonan's Child Care","postcode":"60435","region":"IL","tel":"(815) 741-2627","website":"http://www.bobbienoonans.com","$distance":10173.721},{"address":"2520 S Eola Rd","category_ids":[23],"category_labels":[["Community and Government","Day Care and Preschools"]],"country":"us","email":"n-frere@ecail.com","factual_id":"4e5e4668-763d-4233-9ca8-1ebd6f5f0bd0","hours":{"wednesday":[["6:00","18:00"]],"thursday":[["6:00","18:00"]],"monday":[["6:00","18:00"]],"tuesday":[["6:00","18:00"]],"friday":[["6:00","18:00"]]},"hours_display":"Mon-Fri 6:00 AM-6:00 PM","latitude":41.70769,"locality":"Aurora","longitude":-88.254105,"name":"Adventures In Learning","postcode":"60503","region":"IL","tel":"(630) 499-7240","website":"http://www.ecail.com/","$distance":12018.851},{"address":"14722 S Naperville Rd","address_extended":"Ste 110","category_ids":[23],"category_labels":[["Community and Government","Day Care and Preschools"]],"country":"us","email":"info@gracesplacechildcare.com","factual_id":"1cd0f562-2e88-4a9e-a48e-d3d51b28a226","latitude":41.615095,"locality":"Plainfield","longitude":-88.201037,"name":"Grace's Place","neighborhood":["Walker"],"postcode":"60544","region":"IL","tel":"(815) 577-6263","website":"http://gracesplacechildcare.com","$distance":915.0563},{"address":"861 Center Ct","address_extended":"Unit A","category_ids":[23],"category_labels":[["Community and Government","Day Care and Preschools"]],"country":"us","email":"dlbdaycare@yahoo.com","factual_id":"68842b6f-ad84-4619-92e2-c7ec167046fc","hours":{"wednesday":[["6:30","18:00"]],"thursday":[["6:30","18:00"]],"monday":[["6:30","18:00"]],"tuesday":[["6:30","18:00"]],"friday":[["6:30","18:00"]]},"hours_display":"Mon-Fri 6:30 AM-6:00 PM","latitude":41.5337,"locality":"Shorewood","longitude":-88.197821,"name":"Debbie's Daycare Center","postcode":"60404","region":"IL","tel":"(815) 744-9396","website":"http://www.localchildcareservice.com/","$distance":8145.377},{"address":"26005 W Renwick Rd","category_ids":[23],"category_labels":[["Community and Government","Day Care and Preschools"]],"country":"us","factual_id":"d4f77ecb-5fb2-4caf-9c19-36446226f420","hours":{"wednesday":[["6:00","18:00"]],"thursday":[["6:00","18:00"]],"monday":[["6:00","18:00"]],"tuesday":[["6:00","18:00"]],"friday":[["6:00","18:00"]]},"hours_display":"Mon-Fri 6:00 AM-6:00 PM","latitude":41.591862,"locality":"Plainfield","longitude":-88.249821,"name":"Carlsen Emily","postcode":"60544","region":"IL","tel":"(815) 436-8360","$distance":4322.321},{"address":"24860 W 127th St","category_ids":[23],"category_labels":[["Community and Government","Day Care and Preschools"]],"country":"us","factual_id":"9f16055f-4243-477a-8aa9-5a0bf0bd9729","hours":{"wednesday":[["6:00","18:00"]],"thursday":[["6:00","18:00"]],"monday":[["6:00","18:00"]],"tuesday":[["6:00","18:00"]],"friday":[["6:00","18:00"]]},"hours_display":"Mon-Fri 6:00 AM-6:00 PM","latitude":41.651378,"locality":"Plainfield","longitude":-88.224372,"name":"Bright Futures","postcode":"60585","region":"IL","tel":"(815) 436-4500","website":"http://brightfutures.org","$distance":5288.2246},{"address":"700 Zachary Dr","category_ids":[23],"category_labels":[["Community and Government","Day Care and Preschools"]],"country":"us","email":"1happykids_daycare@att.net","factual_id":"0b2004d2-1cdc-4ce6-9f49-ad38ed6f327a","hours":{"wednesday":[["6:00","18:00"]],"thursday":[["6:00","18:00"]],"monday":[["6:00","18:00"]],"saturday":[["6:00","18:00"]],"tuesday":[["6:00","18:00"]],"friday":[["6:00","18:00"]]},"hours_display":"Mon-Sat 6:00 AM-6:00 PM","latitude":41.598591,"locality":"Romeoville","longitude":-88.128193,"name":"Happy Kids Home Daycare","postcode":"60446","region":"IL","tel":"(815) 254-7879","website":"http://daycareromeoville.com","$distance":6196.191},{"address":"6907 Lemhi Ct","category_ids":[23],"category_labels":[["Community and Government","Day Care and Preschools"]],"country":"us","email":"holly@hollyslearningcenter.com","factual_id":"6820ea82-f297-41e1-b71b-cb5bf06e0d94","hours":{"wednesday":[["6:45","17:30"]],"thursday":[["6:45","17:30"]],"monday":[["6:45","17:30"]],"tuesday":[["6:45","17:30"]],"friday":[["6:45","17:30"]]},"hours_display":"Mon-Fri 6:45 AM-5:30 PM","latitude":41.564175,"locality":"Plainfield","longitude":-88.251454,"name":"Holly's Learning Center","neighborhood":["Caton Farm"],"postcode":"60586","region":"IL","tel":"(815) 577-3602","website":"http://www.hollyslearningcenter.com/About-Us.html","$distance":6289.515},{"address":"2364 Essington Rd","category_ids":[23],"category_labels":[["Community and Government","Day Care and Preschools"]],"country":"us","factual_id":"970b3dbf-f0e3-4de3-aed8-930afe2fadc3","hours":{"wednesday":[["6:00","18:00"]],"thursday":[["6:00","18:00"]],"monday":[["6:00","18:00"]],"tuesday":[["6:00","18:00"]],"friday":[["6:00","18:00"]]},"hours_display":"Mon-Fri 6:00 AM-6:00 PM","latitude":41.564874,"locality":"Joliet","longitude":-88.159287,"name":"2nd Home Day Care","postcode":"60435","region":"IL","tel":"(815) 630-2767","$distance":5863.226},{"address":"7402 Windstone Dr","category_ids":[23],"category_labels":[["Community and Government","Day Care and Preschools"]],"country":"us","email":"plainfielddaycare@gmail.com","factual_id":"f4407e79-a040-45b6-8190-fa7259d4363e","hours":{"wednesday":[["6:00","18:00"]],"thursday":[["6:00","18:00"]],"monday":[["6:00","18:00"]],"tuesday":[["6:00","18:00"]],"friday":[["6:00","18:00"]]},"hours_display":"Mon-Fri 6:00 AM-6:00 PM","latitude":41.564542,"locality":"Plainfield","longitude":-88.255981,"name":"Happy Kids Daycare Inc.","neighborhood":["Caton Farm"],"postcode":"60586","region":"IL","tel":"(815) 254-7879","website":"http://www.1happykidsdaycare.com/","$distance":6512.9326},{"address":"21655 W Division St","category_ids":[23],"category_labels":[["Community and Government","Day Care and Preschools"]],"country":"us","email":"owner@abchildcarehome.com","factual_id":"cb0e4a67-a668-444c-82c3-5723773be01e","hours":{"wednesday":[["6:00","22:00"]],"thursday":[["6:00","22:00"]],"monday":[["6:00","22:00"]],"saturday":[["9:00","22:00"]],"tuesday":[["6:00","22:00"]],"friday":[["6:00","23:00"]]},"hours_display":"Mon-Thu 6:00 AM-10:00 PM; Fri 6:00 AM-11:00 PM; Sat 9:00 AM-10:00 PM","latitude":41.580056,"locality":"Lockport","longitude":-88.145212,"name":"American Butterflies Child","postcode":"60441","region":"IL","tel":"(815) 744-6813","website":"http://www.abchildcarehome.com","$distance":5577.8467},{"address":"3205 Wexford Ln","category_ids":[23],"category_labels":[["Community and Government","Day Care and Preschools"]],"country":"us","email":"motherlittlehelper92@yahoo.com","factual_id":"58c07397-d7b2-4d92-b7d9-f5b464a51d31","hours":{"wednesday":[["6:00","18:00"]],"thursday":[["6:00","18:00"]],"monday":[["6:00","18:00"]],"tuesday":[["6:00","18:00"]],"friday":[["6:00","18:00"]]},"hours_display":"Mon-Fri 6:00 AM-6:00 PM","latitude":41.562582,"locality":"Joliet","longitude":-88.162654,"name":"Mother's Little Helpers Group","postcode":"60431","region":"IL","tel":"(815) 846-1297","website":"http://klewis997.homestead.com","$distance":5909.185},{"address":"6211 Fox Ridge Dr","category_ids":[23],"category_labels":[["Community and Government","Day Care and Preschools"]],"country":"us","email":"nora91194@gmail.com","factual_id":"286c9400-4540-4172-992c-5ed0bfa7fc1f","hours":{"wednesday":[["6:00","18:00"]],"thursday":[["6:00","18:00"]],"monday":[["6:00","18:00"]],"tuesday":[["6:00","18:00"]],"friday":[["6:00","18:00"]]},"hours_display":"Mon-Fri 6:00 AM-6:00 PM","latitude":41.553342,"locality":"Plainfield","longitude":-88.235439,"name":"Tara's Toyland Home Daycare","postcode":"60586","region":"IL","tel":"(815) 609-8859","website":"http://www.tarastoyland.webs.com/","$distance":6576.0195},{"address":"1000 5th St","category_ids":[23],"category_labels":[["Community and Government","Day Care and Preschools"]],"country":"us","email":"mbakel0721@oswego308.org","factual_id":"2decb422-0e8e-4003-adc2-45f7dd9ad141","hours":{"wednesday":[["8:15","14:30"]],"thursday":[["8:15","14:30"]],"monday":[["8:15","14:30"]],"tuesday":[["8:15","14:30"]],"friday":[["8:15","14:30"]]},"hours_display":"Mon-Fri 8:15 AM-2:30 PM","latitude":41.695099,"locality":"Oswego","longitude":-88.29404,"name":"Brokaw Early Learning Center","postcode":"60543","region":"IL","tel":"(630) 551-9600","website":"http://www.oswego308.org/schools/elc","$distance":12443.258},{"address":"7200 Waterman Ct","category_ids":[23],"category_labels":[["Community and Government","Day Care and Preschools"]],"country":"us","email":"littlemindsinactionhomedaycare@yahoo.com","factual_id":"021dacde-eb25-450e-af94-789d3e6be19d","hours":{"wednesday":[["6:00","18:00"]],"thursday":[["6:00","18:00"]],"monday":[["6:00","18:00"]],"tuesday":[["6:00","18:00"]],"friday":[["6:00","18:00"]]},"hours_display":"Mon-Fri 6:00 AM-6:00 PM","latitude":41.552541,"locality":"Plainfield","longitude":-88.256646,"name":"Little Minds In Action Home Daycare","postcode":"60586","region":"IL","tel":"(815) 782-8152","website":"http://www.littlemindsinaction.com/","$distance":7567.7773},{"address":"3587 Hennepin Dr","category_ids":[23],"category_labels":[["Community and Government","Day Care and Preschools"]],"country":"us","factual_id":"e5d3c28a-05f7-4eab-86bb-05ef02d84986","hours":{"wednesday":[["6:00","18:00"]],"thursday":[["6:00","18:00"]],"monday":[["6:00","18:00"]],"tuesday":[["6:00","18:00"]],"friday":[["6:00","18:00"]]},"hours_display":"Mon-Fri 6:00 AM-6:00 PM","latitude":41.57321,"locality":"Joliet","longitude":-88.171177,"name":"Shelby Scholars II","postcode":"60431","region":"IL","tel":"(815) 230-5449","$distance":4532.777},{"address":"380 W 87th St","category_ids":[23],"category_labels":[["Community and Government","Day Care and Preschools"]],"country":"us","email":"care@kindercare.com","factual_id":"2fed72a4-d3be-4612-9ccf-eaaea8fb86ba","fax":"(630) 305-8539","hours":{"wednesday":[["6:30","18:30"]],"thursday":[["6:30","18:30"]],"monday":[["6:30","18:30"]],"tuesday":[["6:30","18:30"]],"friday":[["6:30","18:30"]]},"hours_display":"Mon-Fri 6:30 AM-6:30 PM","latitude":41.725877,"locality":"Naperville","longitude":-88.146763,"name":"KinderCare Learning Center","postcode":"60565","region":"IL","tel":"(630) 305-9075","website":"http://www.kindercare.com/","$distance":14000.57},{"address":"300 Caterpillar Dr","category_ids":[23],"category_labels":[["Community and Government","Day Care and Preschools"]],"country":"us","email":"mscajoliet@gmail.com","factual_id":"14cc6772-2caf-4b2a-8d8b-382037ac10af","hours":{"wednesday":[["6:00","18:00"]],"thursday":[["6:00","18:00"]],"monday":[["6:00","18:00"]],"tuesday":[["6:00","18:00"]],"friday":[["6:00","18:00"]]},"hours_display":"Mon-Fri 6:00 AM-6:00 PM","latitude":41.525783,"locality":"Joliet","longitude":-88.074437,"name":"Mary Sears Children's Academy","neighborhood":["East Joliet"],"postcode":"60436","region":"IL","tel":"(815) 725-7633","website":"http://www.mary-sears-academy.com/","$distance":13919.608},{"address":"530 Seneca Ln","category_ids":[23],"category_labels":[["Community and Government","Day Care and Preschools"]],"country":"us","email":"care@kindercare.com","factual_id":"86d9497b-73eb-4a55-8480-a8d1e94434d2","fax":"(630) 759-8379","hours":{"wednesday":[["6:00","18:00"]],"thursday":[["6:00","18:00"]],"monday":[["6:00","18:00"]],"tuesday":[["6:00","18:00"]],"friday":[["6:00","18:00"]]},"hours_display":"Mon-Fri 6:00 AM-6:00 PM","latitude":41.705247,"locality":"Bolingbrook","longitude":-88.088977,"name":"KinderCare Learning Center","postcode":"60440","region":"IL","tel":"(630) 759-4081","website":"http://www.kindercare.com/","$distance":14408.305},{"address":"13250 S Route 59","address_extended":"Ste C1","category_ids":[23],"category_labels":[["Community and Government","Day Care and Preschools"]],"country":"us","factual_id":"71bfecc6-8b2a-4a80-8612-c936e8b2c2c6","hours":{"wednesday":[["7:00","18:00"]],"thursday":[["7:00","18:00"]],"monday":[["7:00","18:00"]],"tuesday":[["7:00","18:00"]],"friday":[["7:00","18:00"]]},"hours_display":"Mon-Fri 7:00 AM-6:00 PM","latitude":41.641473,"locality":"Plainfield","longitude":-88.203151,"name":"Plainfield Junior Village","postcode":"60585","region":"IL","tel":"(815) 439-3556","$distance":3846.9058},{"address":"2915 Reflection Dr","category_ids":[23],"category_labels":[["Community and Government","Day Care and Preschools"]],"country":"us","email":"jfu@primrosenaperville.com","factual_id":"2bd1afae-9988-4803-9864-befadcd36067","hours":{"wednesday":[["6:30","18:30"]],"thursday":[["6:30","18:30"]],"monday":[["6:30","18:30"]],"tuesday":[["6:30","18:30"]],"friday":[["6:30","18:30"]]},"hours_display":"Mon-Fri 6:30 AM-6:30 PM","latitude":41.711578,"locality":"Naperville","longitude":-88.208992,"name":"Primrose School at Naperville Crossings","neighborhood":["Tall Grass"],"postcode":"60564","region":"IL","tel":"(630) 778-8825","website":"http://www.primrosenaperville.com/","$distance":11655.767},{"address":"2015 95th St","category_ids":[23],"category_labels":[["Community and Government","Day Care and Preschools"]],"country":"us","email":"info@childtime.com","factual_id":"225f0d12-7a1b-4a51-bfb5-21990d041ebc","fax":"(361) 485-9141","hours":{"wednesday":[["6:30","18:30"]],"thursday":[["6:30","18:30"]],"monday":[["6:30","18:30"]],"tuesday":[["6:30","18:30"]],"friday":[["6:30","18:30"]]},"hours_display":"Mon-Fri 6:30 AM-6:30 PM","latitude":41.710564,"locality":"Naperville","longitude":-88.188604,"name":"Childtime","postcode":"60564","region":"IL","tel":"(630) 637-9195","website":"http://childtime.com","$distance":11580.693},{"address":"2061 Winchester Trl","category_ids":[23],"category_labels":[["Community and Government","Day Care and Preschools"]],"country":"us","email":"mscris@littleheartsdaycare.org","factual_id":"023663ec-1bdb-4e57-b426-52d5d2b9d516","hours":{"wednesday":[["6:00","18:00"]],"thursday":[["6:00","18:00"]],"monday":[["6:00","18:00"]],"saturday":[["6:00","18:00"]],"tuesday":[["6:00","18:00"]],"friday":[["6:00","18:00"]]},"hours_display":"Mon-Sat 6:00 AM-6:00 PM","latitude":41.610627,"locality":"Romeoville","longitude":-88.160832,"name":"Little Hearts Day Care","postcode":"60446","region":"IL","tel":"(815) 768-0764","website":"http://www.littleheartsdaycare.org/","$distance":3438.108},{"address":"1928 Springbrook Square Dr","category_ids":[23],"category_labels":[["Community and Government","Day Care and Preschools"]],"country":"us","email":"naperville2il@goddardschools.com","factual_id":"ee48f6ba-e04a-42f4-8205-35c128da85c0","fax":"(630) 717-7699","hours":{"wednesday":[["6:30","18:30"]],"thursday":[["6:30","18:30"]],"monday":[["6:30","18:30"]],"tuesday":[["6:30","18:30"]],"friday":[["6:30","18:30"]]},"hours_display":"Mon-Fri 6:30 AM-6:30 PM","latitude":41.732155,"locality":"Naperville","longitude":-88.202533,"name":"The Goddard School","postcode":"60564","region":"IL","tel":"(630) 355-7199","website":"http://www.goddardschool.com/Naperville-IIIL","$distance":13928.957},{"address":"2800 Black Rd","category_ids":[23],"category_labels":[["Community and Government","Day Care and Preschools"]],"country":"us","factual_id":"7b1bb507-49d6-4762-b6a0-0b818359c026","hours":{"wednesday":[["12:15","14:45"],["20:45","23:15"]],"thursday":[["12:15","14:45"],["20:45","23:15"]],"monday":[["12:15","14:45"],["20:45","23:15"]],"sunday":[["12:15","14:45"],["20:45","23:15"]],"saturday":[["12:15","14:45"],["20:45","23:15"]],"tuesday":[["12:15","14:45"],["20:45","23:15"]],"friday":[["12:15","14:45"],["20:45","23:15"]]},"hours_display":"Open Daily 12:15 PM-2:45 PM, 8:45 PM-11:15 PM","latitude":41.535972,"locality":"Joliet","longitude":-88.151576,"name":"Joliet Christian Pre-School","postcode":"60435","region":"IL","tel":"(815) 729-9766","website":"http://trinitychristian.info","$distance":8927.368}]